Nb,Mo,Ta,W,Co,Hf,Young Modulus,Ductility,Printability,Crack Susceptibility,Yield Strength,Lattice Misfit,Risk
0.05,0.05,0.05,0.05,0.4,0.4,163.5025216,2.788557378,0.4198,0.742618623,314.0327162,0.467121832,5.628
0.05,0.05,0.05,0.15,0.35,0.35,168.2301652,2.849644623,0.37206,0.732665061,400.2705504,1.18119249,6.184
0.05,0.05,0.05,0.25,0.3,0.3,181.3731082,2.796279592,0.26674,0.713745347,486.9672395,1.495760804,6.74
0.05,0.05,0.05,0.35,0.25,0.25,194.8363668,2.701013854,0.25714,0.640897109,574.6220044,1.670388015,7.296
0.05,0.05,0.05,0.45,0.2,0.2,210.7203508,2.603587525,0.14254,0.631954859,663.3794463,1.780692669,7.852
0.05,0.05,0.05,0.55,0.15,0.15,249.2852206,2.443596509,0.10166,0.910906621,753.3064144,1.856245655,8.408
0.05,0.05,0.05,0.65,0.1,0.1,276.0271392,2.359407198,0.058,0.242708401,844.4457412,1.910754368,8.964
0.05,0.05,0.05,0.75,0.05,0.05,324.5727606,2.173640749,0.03408,1.5835823,936.8305598,1.950985558,9.52
0.05,0.05,0.1,0.1,0.35,0.35,164.7451076,2.866931777,0.3823,0.694395415,366.6569811,0.350961484,6.2045
0.05,0.05,0.1,0.2,0.3,0.3,178.7113251,2.832434957,0.31924,0.673854178,453.6327876,0.875742684,6.7605
0.05,0.05,0.1,0.3,0.25,0.25,183.3936837,2.791962453,0.2601,0.745912377,541.0892869,1.176151202,7.3165
0.05,0.05,0.1,0.4,0.2,0.2,212.6025605,2.578714944,0.18958,0.768274028,629.4128925,1.369983848,7.8725
0.05,0.05,0.1,0.5,0.15,0.15,236.8490472,2.48921417,0.1528,1.027353201,718.7673773,1.504979601,8.4285
0.05,0.05,0.1,0.6,0.1,0.1,260.4622249,2.404079928,0.10894,0.212961767,809.2417453,1.603901334,8.9845
0.05,0.05,0.1,0.7,0.05,0.05,325.6295112,2.143446303,0.12082,1.483025466,900.893706,1.678498281,9.5405
0.05,0.05,0.15,0.05,0.35,0.35,165.768176,2.850582772,0.39484,0.759055887,331.7245302,0.438470357,6.225
0.05,0.05,0.15,0.15,0.3,0.3,175.243037,2.844603094,0.36158,0.703755988,419.4451762,0.27052424,6.781
0.05,0.05,0.15,0.25,0.25,0.25,182.4051656,2.794378589,0.2676,0.679845161,506.9777282,0.690734668,7.337
0.05,0.05,0.15,0.35,0.2,0.2,206.2107886,2.622990797,0.22344,0.695397463,595.0522912,0.965088294,7.893
0.05,0.05,0.15,0.45,0.15,0.15,226.9106795,2.515968283,0.1676,0.933161029,683.9692318,1.157796918,8.449
0.05,0.05,0.15,0.55,0.1,0.1,259.655831,2.399122386,0.12466,0.197492832,773.8828863,1.300078904,9.005
0.05,0.05,0.15,0.65,0.05,0.05,305.6418834,2.195271563,0.12304,1.1692245,864.8861027,1.408424849,9.561
0.05,0.05,0.2,0.1,0.3,0.3,167.804002,2.852894418,0.37588,0.604030343,384.4158163,0.314762025,6.8015
0.05,0.05,0.2,0.2,0.25,0.25,180.0424672,2.794464862,0.30514,0.494385517,472.2977582,0.215174873,7.3575
0.05,0.05,0.2,0.3,0.2,0.2,195.5185189,2.676334488,0.2449,0.408444773,560.3046476,0.566523273,7.9135
0.05,0.05,0.2,0.4,0.15,0.15,222.4542661,2.538400208,0.21038,0.635912737,648.9163421,0.81502976,8.4695
0.05,0.05,0.2,0.5,0.1,0.1,252.0126009,2.41558633,0.1354,0.156859678,738.3716773,0.999508134,9.0255
0.05,0.05,0.2,0.6,0.05,0.05,296.7315048,2.229525518,0.13922,1.05479437,828.8088755,1.140905071,9.5815
0.05,0.05,0.25,0.05,0.3,0.3,166.9772826,2.846816716,0.39966,0.639498317,348.5429465,0.819070017,6.822
0.05,0.05,0.25,0.15,0.25,0.25,168.4437883,2.83669202,0.36942,0.549713379,437.0558307,0.247544151,7.378
0.05,0.05,0.25,0.25,0.2,0.2,196.2020239,2.637946827,0.25286,0.425682764,525.1761066,0.175294722,7.934
0.05,0.05,0.25,0.35,0.15,0.15,214.4438698,2.582126453,0.1996,0.609413611,613.6128645,0.477211683,8.49
0.05,0.05,0.25,0.45,0.1,0.1,236.6215633,2.481732363,0.15296,0.150642661,702.7105336,0.702530289,9.046
0.05,0.05,0.25,0.55,0.05,0.05,292.7562096,2.24019691,0.1128,0.87516092,792.6631049,0.876158237,9.602
0.05,0.05,0.3,0.1,0.25,0.25,169.9698777,2.820793158,0.38236,0.662152039,401.2524808,0.683495385,7.3985
0.05,0.05,0.3,0.2,0.2,0.2,177.1269857,2.772854695,0.30338,0.494526018,489.6706319,0.206401334,7.9545
0.05,0.05,0.3,0.3,0.15,0.15,201.0155528,2.653573838,0.22898,0.541905245,578.0622879,0.145282313,8.5105
0.05,0.05,0.3,0.4,0.1,0.1,244.6974393,2.444310641,0.18818,0.137535426,666.9016144,0.409688224,9.0665
0.05,0.05,0.3,0.5,0.05,0.05,273.2595721,2.331392578,0.12746,0.75491593,756.4497642,0.6145249,9.6225
0.05,0.05,0.35,0.05,0.25,0.25,169.437724,2.828168743,0.37946,0.695673321,364.8890291,0.950261393,7.419
0.05,0.05,0.35,0.15,0.2,0.2,169.0197713,2.851161011,0.38354,0.513526214,453.7896742,0.574049905,7.975
0.05,0.05,0.35,0.25,0.15,0.15,201.806399,2.646217106,0.23,0.510138884,542.2670889,0.179076723,8.531
0.05,0.05,0.35,0.35,0.1,0.1,238.9882605,2.457090389,0.21368,0.134246888,630.9467303,0.121840245,9.087
0.05,0.05,0.35,0.45,0.05,0.05,256.2617149,2.396003159,0.16376,0.63044035,720.1696959,0.356520046,9.643
0.05,0.05,0.4,0.1,0.2,0.2,171.1059391,2.839432532,0.36312,0.540316457,417.5345319,0.87086841,7.9955
0.05,0.05,0.4,0.2,0.15,0.15,184.3851907,2.784593116,0.2189,0.48740976,506.2287868,0.492957255,8.5515
0.05,0.05,0.4,0.3,0.1,0.1,216.0855492,2.579625762,0.20672,0.131630766,594.8473033,0.159670263,9.1075
0.05,0.05,0.4,0.4,0.05,0.05,254.0187165,2.401466406,0.13434,0.37227957,683.8235989,0.102911225,9.6635
0.05,0.05,0.45,0.05,0.2,0.2,168.7586454,2.873949364,0.37522,0.551372571,380.9123439,1.138172872,8.016
0.05,0.05,0.45,0.15,0.15,0.15,180.6971101,2.804309388,0.20918,0.471667606,469.948788,0.791600046,8.572
0.05,0.05,0.45,0.25,0.1,0.1,200.2405352,2.699045307,0.19778,0.15015664,558.6044371,0.432770299,9.128
0.05,0.05,0.45,0.35,0.05,0.05,242.5179209,2.494765568,0.114,0.188732,647.4120237,0.145164367,9.684
0.05,0.05,0.5,0.1,0.15,0.15,175.7102587,2.859108921,0.26878,0.513200373,433.4301398,0.974603819,8.5925
0.05,0.05,0.5,0.2,0.1,0.1,190.4729917,2.817763278,0.18628,0.196740261,522.2191594,0.694305891,9.1485
0.05,0.05,0.5,0.3,0.05,0.05,212.7295416,2.719876641,0.16124,0.31125093,610.9353844,0.386026182,9.7045
0.05,0.05,0.55,0.05,0.15,0.15,176.9534114,2.851318428,0.2503,0.570824246,396.6803267,1.302449324,8.613
0.05,0.05,0.55,0.15,0.1,0.1,182.3324244,2.854687144,0.27726,0.174847197,485.6928937,0.916465269,9.169
0.05,0.05,0.55,0.25,0.05,0.05,207.1511636,2.744529762,0.2083,0.59357168,574.3940077,0.618032586,9.725
0.05,0.05,0.6,0.1,0.1,0.1,182.101253,2.846399021,0.24858,0.239390844,449.0283379,1.152367227,9.1895
0.05,0.05,0.6,0.2,0.05,0.05,206.292313,2.764270081,0.18312,0.77737742,537.7882621,0.854790475,9.7455
0.05,0.05,0.65,0.05,0.1,0.1,179.0874333,2.898831683,0.25046,0.240742742,412.2311738,1.389747703,9.21
0.05,0.05,0.65,0.15,0.05,0.05,201.2571785,2.808580571,0.1384,0.82511691,501.1188485,1.052011837,9.766
0.05,0.05,0.7,0.1,0.05,0.05,200.1083707,2.81646997,0.21728,1.0527066,464.3873848,1.261386207,9.7865
0.05,0.05,0.75,0.05,0.05,0.05,193.0173816,2.851569166,0.23676,1.0527066,427.5974881,1.442072703,9.807
0.1,0.05,0.05,0.1,0.35,0.35,162.4679909,2.90521987,0.38246,0.381264863,370.4175282,0.561389909,5.9035
0.1,0.05,0.05,0.2,0.3,0.3,174.0708945,2.867164478,0.3578,0.367336769,456.9542508,1.123817424,6.4595
0.1,0.05,0.05,0.3,0.25,0.25,187.8058756,2.737764475,0.2572,0.268422636,544.2553305,1.418546349,7.0155
0.1,0.05,0.05,0.4,0.2,0.2,211.2764808,2.576178169,0.22782,0.25597025,632.6158657,1.596632281,7.5715
0.1,0.05,0.05,0.5,0.15,0.15,239.8236045,2.477743538,0.17326,0.548106723,722.1397283,1.714478611,8.1275
0.1,0.05,0.05,0.6,0.1,0.1,266.0672834,2.392329007,0.08082,0.190797888,812.8792053,1.797344092,8.6835
0.1,0.05,0.05,0.7,0.05,0.05,325.9282806,2.143079535,0.0742,1.565846169,904.8691616,1.857703499,9.2395
0.1,0.05,0.1,0.05,0.35,0.35,162.1472086,2.881656529,0.39362,0.389734216,335.9668673,0.360486822,5.924
0.1,0.05,0.1,0.15,0.3,0.3,168.8558589,2.903676372,0.37864,0.375396179,423.2045523,0.449053206,6.48
0.1,0.05,0.1,0.25,0.25,0.25,177.2891383,2.834454313,0.2698,0.404518723,510.4949317,0.887845133,7.036
0.1,0.05,0.1,0.35,0.2,0.2,202.6680877,2.630583436,0.24942,0.467309769,598.5196432,1.159832897,7.592
0.1,0.05,0.1,0.45,0.15,0.15,229.8081827,2.503445578,0.18522,0.782901986,687.5276345,1.343588941,8.148
0.1,0.05,0.1,0.55,0.1,0.1,253.4232889,2.41766108,0.12622,0.194197139,777.6371874,1.475168095,8.704
0.1,0.05,0.1,0.65,0.05,0.05,316.0161497,2.166241791,0.12076,1.436511336,868.9170894,1.572866215,9.26
0.1,0.05,0.15,0.1,0.3,0.3,163.0205844,2.890942158,0.36838,0.365392332,388.526774,0.207983916,6.5005
0.1,0.05,0.15,0.2,0.25,0.25,174.1698728,2.870626924,0.34004,0.300757556,476.114173,0.367477999,7.0565
0.1,0.05,0.15,0.3,0.2,0.2,193.622372,2.693645455,0.2552,0.299700196,564.0048334,0.729838236,7.6125
0.1,0.05,0.15,0.4,0.15,0.15,224.437694,2.524404428,0.22828,0.662634013,652.6420519,0.977463768,8.1685
0.1,0.05,0.15,0.5,0.1,0.1,236.1125749,2.476538178,0.13608,0.158397284,742.2325368,1.15650556,8.7245
0.1,0.05,0.15,0.6,0.05,0.05,297.0287315,2.21854305,0.13362,1.159492637,832.8909938,1.290813737,9.2805
0.1,0.05,0.2,0.05,0.3,0.3,164.3683476,2.873018604,0.38354,0.402737722,352.9297346,0.834775739,6.521
0.1,0.05,0.2,0.15,0.25,0.25,171.5759078,2.837034267,0.347,0.322461203,441.1247649,0.141089647,7.077
0.1,0.05,0.2,0.25,0.2,0.2,192.5744586,2.683491642,0.27256,0.238268839,529.080033,0.307185714,7.633
0.1,0.05,0.2,0.35,0.15,0.15,206.9697627,2.627532923,0.22762,0.510986661,617.4883656,0.616432153,8.189
0.1,0.05,0.2,0.45,0.1,0.1,229.6910892,2.506624828,0.15992,0.145128642,706.6682834,0.841582335,8.745
0.1,0.05,0.2,0.55,0.05,0.05,291.7347699,2.245982099,0.14046,1.034550297,796.792211,1.011684547,9.301
0.1,0.05,0.25,0.1,0.25,0.25,167.8758086,2.84248022,0.3685,0.36791345,405.5322133,0.63288107,7.0975
0.1,0.05,0.25,0.2,0.2,0.2,180.9558016,2.742564603,0.29402,0.235114878,493.7518387,0.106728938,7.6535
0.1,0.05,0.25,0.3,0.15,0.15,197.4200368,2.681541469,0.21776,0.361507113,582.0713624,0.261131884,8.2095
0.1,0.05,0.25,0.4,0.1,0.1,232.3749643,2.506661028,0.18154,0.140622956,670.9472234,0.530792676,8.7655
0.1,0.05,0.25,0.5,0.05,0.05,273.3971142,2.325369658,0.1273,0.8791681,760.6219722,0.735733318,9.3215
0.1,0.05,0.3,0.05,0.25,0.25,166.3781511,2.857129358,0.38268,0.458096467,369.3386344,1.091399647,7.118
0.1,0.05,0.3,0.15,0.2,0.2,171.297802,2.821411,0.35978,0.271121753,458.024053,0.508689915,7.674
0.1,0.05,0.3,0.25,0.15,0.15,197.9767935,2.670738895,0.28342,0.321222739,546.3948046,0.087210018,8.23
0.1,0.05,0.3,0.35,0.1,0.1,223.3601518,2.542650134,0.21782,0.128669002,635.0717897,0.224793678,8.786
0.1,0.05,0.3,0.45,0.05,0.05,252.2682335,2.42359847,0.17376,0.6951201,724.3813695,0.463367376,9.342
0.1,0.05,0.35,0.1,0.2,0.2,168.3487492,2.847272214,0.38128,0.28479393,421.8989923,0.892336882,7.6945
0.1,0.05,0.35,0.2,0.15,0.15,202.0137673,2.644986076,0.28726,0.263552561,510.4613209,0.426352475,8.2505
0.1,0.05,0.35,0.3,0.1,0.1,204.5145135,2.661574,0.22346,0.124883187,599.0439922,0.075352902,8.8065
0.1,0.05,0.35,0.4,0.05,0.05,252.8920057,2.420571834,0.17102,0.424107908,688.0713489,0.195204322,9.3625
0.1,0.05,0.4,0.05,0.2,0.2,164.7204662,2.901115543,0.36864,0.320803697,385.3824881,1.19925417,7.715
0.1,0.05,0.4,0.15,0.15,0.15,172.2597387,2.898892028,0.2566,0.241198597,474.2730202,0.752497221,8.271
0.1,0.05,0.4,0.25,0.1,0.1,201.1608369,2.700306491,0.24342,0.121357489,562.8654649,0.367978111,8.827
0.1,0.05,0.4,0.35,0.05,0.05,234.1312826,2.538613849,0.13568,0.235263508,651.6927115,0.067838201,9.383
0.1,0.05,0.45,0.1,0.15,0.15,169.5706472,2.923402077,0.2803,0.294515692,437.8330539,1.054666494,8.2915
0.1,0.05,0.45,0.2,0.1,0.1,187.8973812,2.804494283,0.20548,0.126727204,526.5376818,0.650524202,8.8475
0.1,0.05,0.45,0.3,0.05,0.05,211.7875583,2.7141194,0.17784,0.202719856,615.2461257,0.324405156,9.4035
0.1,0.05,0.5,0.05,0.15,0.15,172.6797334,2.899196052,0.29532,0.396929949,401.1480033,1.320669367,8.312
0.1,0.05,0.5,0.15,0.1,0.1,179.3148482,2.872830529,0.27818,0.121328242,490.0623728,0.926018066,8.868
0.1,0.05,0.5,0.25,0.05,0.05,200.7119706,2.822471783,0.21308,0.368693328,578.7321633,0.572499454,9.424
0.1,0.05,0.55,0.1,0.1,0.1,175.0124883,2.942435819,0.29548,0.120673493,453.4422118,1.145563651,8.8885
0.1,0.05,0.55,0.2,0.05,0.05,195.9178148,2.854366509,0.21272,0.64448142,542.1513902,0.817916624,9.4445
0.1,0.05,0.6,0.05,0.1,0.1,178.3230663,2.903112635,0.24852,0.191268994,416.6820856,1.418064172,8.909
0.1,0.05,0.6,0.15,0.05,0.05,192.1240581,2.887843496,0.18476,0.80490221,505.5045765,1.047952231,9.465
0.1,0.05,0.65,0.1,0.05,0.05,192.1528349,2.885058714,0.23004,1.0491139,468.793133,1.267313884,9.4855
0.1,0.05,0.7,0.05,0.05,0.05,192.1706948,2.857168103,0.2364,1.0491139,432.0199504,1.474116296,9.506
0.15,0.05,0.05,0.05,0.35,0.35,155.6980598,2.947129505,0.39488,0.323828354,340.1792505,0.267779574,5.623
0.15,0.05,0.05,0.15,0.3,0.3,163.399849,2.940566194,0.36254,0.312419227,426.9296867,0.629600321,6.179
0.15,0.05,0.05,0.25,0.25,0.25,173.9628758,2.860768092,0.3559,0.296244146,513.9786979,1.0868209,6.735
0.15,0.05,0.05,0.35,0.2,0.2,208.7629584,2.57828386,0.243,0.221968758,601.9575893,1.35638951,7.291
0.15,0.05,0.05,0.45,0.15,0.15,235.2306859,2.485925167,0.15358,0.528785179,691.0625137,1.531084455,7.847
0.15,0.05,0.05,0.55,0.1,0.1,245.5528124,2.449235085,0.162,0.186884034,781.3749108,1.651868871,8.403
0.15,0.05,0.05,0.65,0.05,0.05,323.3189306,2.129971459,0.1252,1.495067769,872.9391496,1.738960985,8.959
0.15,0.05,0.1,0.1,0.3,0.3,161.7968462,2.937227919,0.3661,0.329701633,392.6096333,0.096221076,6.1995
0.15,0.05,0.1,0.2,0.25,0.25,172.5972951,2.869288254,0.36868,0.274846411,479.9039665,0.521633326,6.7555
0.15,0.05,0.1,0.3,0.2,0.2,191.5964397,2.708299607,0.26534,0.303307231,567.6812444,0.894673675,7.3115
0.15,0.05,0.1,0.4,0.15,0.15,225.0976642,2.505853222,0.22986,0.660989935,656.3483417,1.141305045,7.8675
0.15,0.05,0.1,0.5,0.1,0.1,242.4974956,2.451734168,0.15978,0.159235686,746.0794571,1.314849056,8.4235
0.15,0.05,0.1,0.6,0.05,0.05,303.6775451,2.195379756,0.13302,1.368819403,836.9655131,1.442105953,8.9795
0.15,0.05,0.15,0.05,0.3,0.3,161.0375015,2.909331525,0.38078,0.346431881,357.2892033,0.7999998,6.22
0.15,0.05,0.15,0.15,0.25,0.25,170.7150762,2.871365105,0.35064,0.245608426,445.1705273,0.031672231,6.776
0.15,0.05,0.15,0.25,0.2,0.2,187.3137773,2.735880685,0.33816,0.204059882,532.9638893,0.440735791,7.332
0.15,0.05,0.15,0.35,0.15,0.15,208.5259624,2.611098856,0.23268,0.495319783,621.3474319,0.756985434,7.888
0.15,0.05,0.15,0.45,0.1,0.1,228.9641436,2.503509685,0.19924,0.159084488,710.6141188,0.981854246,8.444
0.15,0.05,0.15,0.55,0.05,0.05,292.2071594,2.22959044,0.14758,1.115020637,800.9147647,1.148434606,9
0.15,0.05,0.2,0.1,0.25,0.25,164.2625587,2.867738896,0.3391,0.286242199,409.7897032,0.570444019,6.7965
0.15,0.05,0.2,0.2,0.2,0.2,181.2587298,2.765881629,0.31474,0.15247993,497.8151068,0.004724964,7.3525
0.15,0.05,0.2,0.3,0.15,0.15,192.9900182,2.713506925,0.23572,0.280866029,586.0660924,0.378468942,7.9085
0.15,0.05,0.2,0.4,0.1,0.1,231.4130813,2.500584479,0.20484,0.146920141,674.9824588,0.653113421,8.4645
0.15,0.05,0.2,0.5,0.05,0.05,274.5624716,2.315540256,0.17106,0.99142056,764.7884632,0.858082738,9.0205
0.15,0.05,0.25,0.05,0.25,0.25,163.2550949,2.879480151,0.37482,0.341294915,373.7667636,1.086316655,6.817
0.15,0.05,0.25,0.15,0.2,0.2,170.7505537,2.823131102,0.32838,0.165784333,462.2414295,0.439594937,7.373
0.15,0.05,0.25,0.25,0.15,0.15,194.0648652,2.698624016,0.2964,0.211538894,550.5095198,0.006580846,7.929
0.15,0.05,0.25,0.35,0.1,0.1,230.7829559,2.512306258,0.23504,0.145998523,639.1876148,0.329093717,8.485
0.15,0.05,0.25,0.45,0.05,0.05,250.3367514,2.434433636,0.1686,0.8038628,728.5879883,0.571347659,9.041
0.15,0.05,0.3,0.1,0.2,0.2,168.0433785,2.844251257,0.3628,0.176830043,426.2468881,0.859162335,7.3935
0.15,0.05,0.3,0.2,0.15,0.15,187.893282,2.741290267,0.29496,0.171964369,514.6816154,0.357018058,7.9495
0.15,0.05,0.3,0.3,0.1,0.1,215.3338624,2.592011248,0.23678,0.128643439,603.2322425,0.010608168,8.5055
0.15,0.05,0.3,0.4,0.05,0.05,243.5736133,2.472056084,0.17214,0.5000973,692.314549,0.288715631,9.0615
0.15,0.05,0.35,0.05,0.2,0.2,161.9649036,2.918825755,0.38332,0.237726707,389.8368194,1.254798275,7.414
0.15,0.05,0.35,0.15,0.15,0.15,176.1153897,2.860492677,0.35742,0.156387655,478.5853679,0.709345895,7.97
0.15,0.05,0.35,0.25,0.1,0.1,204.3561485,2.664169744,0.27278,0.125511954,567.1185426,0.301016265,8.526
0.15,0.05,0.35,0.35,0.05,0.05,234.5350821,2.541235571,0.17086,0.28940828,655.9691968,0.010924403,9.082
0.15,0.05,0.4,0.1,0.15,0.15,166.6117505,2.925896125,0.36238,0.217722335,442.2241993,1.04554131,7.9905
0.15,0.05,0.4,0.2,0.1,0.1,190.639429,2.793341589,0.27888,0.125136555,530.8484523,0.603710087,8.5465
0.15,0.05,0.4,0.3,0.05,0.05,225.0531612,2.617876152,0.19108,0.18476598,619.5528467,0.260933294,9.1025
0.15,0.05,0.45,0.05,0.15,0.15,164.6721821,2.965459211,0.3052,0.583888183,405.604158,1.35681944,8.011
0.15,0.05,0.45,0.15,0.1,0.1,178.3668947,2.905855632,0.28056,0.113534233,494.4240344,0.89434332,8.567
0.15,0.05,0.45,0.25,0.05,0.05,203.9871005,2.777096605,0.21176,0.19752449,583.0663109,0.525248498,9.123
0.15,0.05,0.5,0.1,0.1,0.1,174.2342858,2.944413558,0.29958,0.118489719,457.8480643,1.18282927,8.5875
0.15,0.05,0.5,0.2,0.05,0.05,190.2715834,2.887785472,0.20578,0.368744528,546.5103675,0.779656306,9.1435
0.15,0.05,0.55,0.05,0.1,0.1,175.9886348,2.925404683,0.3061,0.127943148,421.1249871,1.437927487,8.608
0.15,0.05,0.55,0.15,0.05,0.05,189.1731929,2.905963177,0.22958,0.69407039,509.88591,1.038326007,9.164
0.15,0.05,0.6,0.1,0.05,0.05,181.8592931,2.947876802,0.38702,1.1136204,473.1942699,1.268353911,9.1845
0.15,0.05,0.65,0.05,0.05,0.05,181.5521128,2.943699903,0.38734,1.1290837,436.4378601,1.499507573,9.205
0.2,0.05,0.05,0.1,0.3,0.3,158.0686168,2.975704471,0.35306,0.314071399,396.6682525,0.01792417,5.8985
0.2,0.05,0.05,0.2,0.25,0.25,169.1438564,2.899381589,0.37486,0.249879634,483.6677498,0.67738431,6.4545
0.2,0.05,0.05,0.3,0.2,0.2,191.4761562,2.714856885,0.34246,0.218778304,571.3333867,1.061086969,7.0105
0.2,0.05,0.05,0.4,0.15,0.15,209.0447597,2.625470628,0.27374,0.501695671,660.034437,1.306698129,7.5665
0.2,0.05,0.05,0.5,0.1,0.1,251.0598106,2.423093265,0.14646,0.168503722,749.9117435,1.474714161,8.1225
0.2,0.05,0.05,0.6,0.05,0.05,306.9814884,2.180219292,0.12714,1.462286237,841.0319703,1.595007179,8.6785
0.2,0.05,0.1,0.05,0.3,0.3,157.1744656,2.964306342,0.37218,0.310695901,361.6279065,0.754577857,5.919
0.2,0.05,0.1,0.15,0.25,0.25,165.0730859,2.924304529,0.37498,0.255087956,449.1954941,0.079785926,6.475
0.2,0.05,0.1,0.25,0.2,0.2,182.2642785,2.773166301,0.33576,0.242527362,536.828341,0.575692263,7.031
0.2,0.05,0.1,0.35,0.15,0.15,199.4870878,2.67828961,0.27252,0.557068786,625.1900669,0.898821118,7.587
0.2,0.05,0.1,0.45,0.1,0.1,238.7089133,2.464548912,0.23984,0.169091636,714.5478262,1.123377638,8.143
0.2,0.05,0.1,0.55,0.05,0.05,280.6111897,2.283862352,0.15256,1.307757503,805.0305509,1.286503852,8.699
0.2,0.05,0.15,0.1,0.25,0.25,159.73493,2.918679645,0.3661,0.278766117,414.0284186,0.503993742,6.4955
0.2,0.05,0.15,0.2,0.2,0.2,177.8939391,2.802078606,0.3457,0.180712321,501.861799,0.099073594,7.0515
0.2,0.05,0.15,0.3,0.15,0.15,188.0160688,2.754843474,0.32372,0.365704538,590.0469106,0.497105642,7.6075
0.2,0.05,0.15,0.4,0.1,0.1,227.352165,2.514884309,0.25542,0.161156133,679.0073639,0.776597855,8.1635
0.2,0.05,0.15,0.5,0.05,0.05,268.0237105,2.339037546,0.19932,1.0826453,768.9491485,0.981606488,8.7195
0.2,0.05,0.2,0.05,0.25,0.25,156.5777777,2.935515025,0.34474,0.325257277,378.1769156,1.068929112,6.516
0.2,0.05,0.2,0.15,0.2,0.2,169.1645407,2.842114998,0.37194,0.171488501,466.4436215,0.367642355,7.072
0.2,0.05,0.2,0.25,0.15,0.15,186.0577414,2.756474074,0.32988,0.2280968,554.6119556,0.101969705,7.628
0.2,0.05,0.2,0.35,0.1,0.1,230.3768313,2.51084653,0.2724,0.152829824,643.2944115,0.43461802,8.184
0.2,0.05,0.2,0.45,0.05,0.05,248.2033319,2.439592804,0.24382,0.91312262,732.7895412,0.680451577,8.74
0.2,0.05,0.25,0.1,0.2,0.2,167.1736419,2.845308301,0.39678,0.176089766,430.5802376,0.821189483,7.0925
0.2,0.05,0.25,0.2,0.15,0.15,179.3062261,2.80347403,0.375,0.173419102,518.8905974,0.285447841,7.6485
0.2,0.05,0.25,0.3,0.1,0.1,211.5619107,2.617476686,0.29314,0.148158905,607.412382,0.098012838,8.2045
0.2,0.05,0.25,0.4,0.05,0.05,238.4326933,2.495146,0.215,0.6831445,696.55325,0.383389375,8.7605
0.2,0.05,0.3,0.05,0.2,0.2,162.3306377,2.898462616,0.36864,0.20925033,394.2774151,1.254897304,7.113
0.2,0.05,0.3,0.15,0.15,0.15,172.3462747,2.854951925,0.33582,0.154950131,482.8869383,0.662881514,7.669
0.2,0.05,0.3,0.25,0.1,0.1,206.4261423,2.640610717,0.33262,0.133291664,571.3641171,0.232193755,8.225
0.2,0.05,0.3,0.35,0.05,0.05,231.458395,2.556732966,0.29158,0.45997866,660.2415965,0.090999966,8.781
0.2,0.05,0.35,0.1,0.15,0.15,166.1461882,2.912795784,0.35734,0.213422029,446.6048849,1.026443276,7.6895
0.2,0.05,0.35,0.2,0.1,0.1,194.2372097,2.749047333,0.3503,0.131251328,535.1520627,0.554342704,8.2455
0.2,0.05,0.35,0.3,0.05,0.05,227.2912054,2.591452714,0.33192,0.32033414,623.8557439,0.195838542,8.8015
0.2,0.05,0.4,0.05,0.15,0.15,163.5519641,2.945575799,0.37198,0.397153469,410.0502044,1.374987227,7.71
0.2,0.05,0.4,0.15,0.1,0.1,176.8938059,2.890836662,0.35988,0.114947172,498.7786411,0.865892082,8.266
0.2,0.05,0.4,0.25,0.05,0.05,210.1646716,2.692960973,0.29298,0.31425434,587.3967411,0.475830299,8.822
0.2,0.05,0.45,0.1,0.1,0.1,175.7454892,2.924418018,0.33826,0.119022785,462.2468011,1.167924413,8.2865
0.2,0.05,0.45,0.2,0.05,0.05,188.3559943,2.882591614,0.2179,0.33100069,550.865583,0.74707233,8.8425
0.2,0.05,0.5,0.05,0.1,0.1,170.6084942,2.969058461,0.321,0.129154168,425.5607846,1.461127115,8.307
0.2,0.05,0.5,0.15,0.05,0.05,184.4074583,2.922130516,0.24952,0.55979094,514.2633219,1.013351531,8.863
0.2,0.05,0.55,0.1,0.05,0.05,181.9632968,2.94885917,0.38668,1.0166914,477.5913016,1.277521072,8.8835
0.2,0.05,0.6,0.05,0.05,0.05,181.1132756,2.94920477,0.38292,1.2396424,440.8516451,1.519017686,8.904
0.25,0.05,0.05,0.05,0.3,0.3,156.3354521,2.982079723,0.38424,0.311278008,365.9502802,0.705119259,5.618
0.25,0.05,0.05,0.15,0.25,0.25,159.3795727,2.968355213,0.38286,0.254133246,453.2005981,0.19287949,6.174
0.25,0.05,0.05,0.25,0.2,0.2,175.2470515,2.840992858,0.35356,0.224213042,540.6730078,0.712094176,6.73
0.25,0.05,0.05,0.35,0.15,0.15,195.9939351,2.702184246,0.32524,0.491590882,629.0154969,1.042101254,7.286
0.25,0.05,0.05,0.45,0.1,0.1,227.9039483,2.520791289,0.23074,0.240254266,718.4686694,1.266357568,7.842
0.25,0.05,0.05,0.55,0.05,0.05,279.4397618,2.284273442,0.2574,1.273251537,809.1390721,1.426151715,8.398
0.25,0.05,0.1,0.1,0.25,0.25,157.1606355,2.959755427,0.35784,0.269915333,418.2510272,0.434809241,6.1945
0.25,0.05,0.1,0.2,0.2,0.2,175.0674642,2.804601121,0.3555,0.190318505,505.8927604,0.204322818,6.7505
0.25,0.05,0.1,0.3,0.15,0.15,190.8700189,2.736777679,0.34736,0.470832217,594.0139076,0.616964528,7.3065
0.25,0.05,0.1,0.4,0.1,0.1,224.8837132,2.533332049,0.2545,0.223253104,683.0217588,0.901272278,7.8625
0.25,0.05,0.1,0.5,0.05,0.05,265.0625582,2.347019188,0.28548,1.155896566,773.1038213,1.106403955,8.4185
0.25,0.05,0.15,0.05,0.25,0.25,153.1578222,2.973662884,0.33048,0.30140436,382.5723211,1.045723376,6.215
0.25,0.05,0.15,0.15,0.2,0.2,171.1532801,2.839731841,0.3342,0.201635774,470.6321335,0.293527205,6.771
0.25,0.05,0.15,0.25,0.15,0.15,173.6876514,2.859273433,0.34934,0.376276743,558.7026383,0.198714415,7.327
0.25,0.05,0.15,0.35,0.1,0.1,219.7004768,2.563683927,0.2777,0.224521299,647.3922704,0.541292728,7.883
0.25,0.05,0.15,0.45,0.05,0.05,261.4726946,2.366775922,0.27744,0.8778486,736.9859575,0.790704234,8.439
0.25,0.05,0.2,0.1,0.2,0.2,165.5278819,2.842333004,0.3763,0.170121315,434.9008513,0.779518948,6.7915
0.25,0.05,0.2,0.2,0.15,0.15,170.1889601,2.892702346,0.37654,0.283562167,523.0890607,0.21204962,7.3475
0.25,0.05,0.2,0.3,0.1,0.1,209.1161996,2.647240474,0.33454,0.191354852,611.5846636,0.186703951,7.9035
0.25,0.05,0.2,0.4,0.05,0.05,239.8723537,2.477664484,0.27296,0.64262138,700.7874622,0.479198486,8.4595
0.25,0.05,0.25,0.05,0.2,0.2,159.3403307,2.927758087,0.38696,0.198582011,398.7061204,1.248756615,6.812
0.25,0.05,0.25,0.15,0.15,0.15,166.3419507,2.92432535,0.40702,0.252463022,487.1786974,0.613716642,7.368
0.25,0.05,0.25,0.25,0.1,0.1,194.4639232,2.766424509,0.34426,0.177797438,575.6025606,0.161762742,7.924
0.25,0.05,0.25,0.35,0.05,0.05,230.0648489,2.555965357,0.31554,0.51639364,664.5099861,0.17230331,8.48
0.25,0.05,0.3,0.1,0.15,0.15,164.9073088,2.928132726,0.35156,0.289034369,450.9762298,1.00325024,7.3885
0.25,0.05,0.3,0.2,0.1,0.1,181.7003024,2.84336735,0.33818,0.167081453,539.4490039,0.502810659,7.9445
0.25,0.05,0.3,0.3,0.05,0.05,214.294454,2.703049438,0.33086,0.31458532,628.1549629,0.129290248,8.5005
0.25,0.05,0.35,0.05,0.15,0.15,159.8424136,2.976462663,0.34292,0.431482821,414.4873876,1.375734946,7.409
0.25,0.05,0.35,0.15,0.1,0.1,178.8973673,2.814376464,0.3474,0.160373374,503.1268269,0.834385817,7.965
0.25,0.05,0.35,0.25,0.05,0.05,215.1746237,2.700789995,0.32386,0.27744076,591.7236813,0.424541666,8.521
0.25,0.05,0.4,0.1,0.1,0.1,172.2763351,2.89370644,0.36384,0.157396549,466.6392003,1.153407152,7.9855
0.25,0.05,0.4,0.2,0.05,0.05,189.6627549,2.885555906,0.32402,0.27798082,555.2173553,0.711921341,8.5415
0.25,0.05,0.45,0.05,0.1,0.1,170.5741988,2.942938492,0.37198,0.16444628,429.9903142,1.467230945,8.006
0.25,0.05,0.45,0.15,0.05,0.05,180.1986427,2.976945129,0.32014,0.3705633,518.6372162,0.989188228,8.562
0.25,0.05,0.5,0.1,0.05,0.05,175.1038743,2.985762977,0.38746,0.772851626,481.9846848,1.267759638,8.5825
0.25,0.05,0.55,0.05,0.05,0.05,173.6022688,2.974079621,0.3861,0.9696684,445.261734,1.53326799,8.603
0.3,0.05,0.05,0.1,0.25,0.25,158.0086764,2.970959205,0.3746,0.268852384,422.4588109,0.363536911,5.8935
0.3,0.05,0.05,0.2,0.2,0.2,171.3816664,2.837377046,0.34264,0.213864936,509.9077854,0.311016353,6.4495
0.3,0.05,0.05,0.3,0.15,0.15,190.8351243,2.739716246,0.34904,0.419486217,597.9663626,0.738212389,7.0055
0.3,0.05,0.05,0.4,0.1,0.1,220.511551,2.562642499,0.30188,0.253643878,687.0248988,1.027364083,7.5615
0.3,0.05,0.05,0.5,0.05,0.05,256.2309927,2.386116263,0.29422,1.1134953,777.2519661,1.232762451,8.1175
0.3,0.05,0.1,0.05,0.25,0.25,151.484719,3.008485455,0.3713,0.320297766,386.9556641,1.018437895,5.914
0.3,0.05,0.1,0.15,0.2,0.2,166.935027,2.857277141,0.36754,0.235275825,474.8079746,0.217716983,6.47
0.3,0.05,0.1,0.25,0.15,0.15,180.4786496,2.818010731,0.34994,0.455498419,562.7817514,0.296699429,7.026
0.3,0.05,0.1,0.35,0.1,0.1,214.5458292,2.594643042,0.31264,0.245974273,651.4810531,0.649133642,7.582
0.3,0.05,0.1,0.45,0.05,0.05,252.9264295,2.391945094,0.2976,0.975284066,741.1770435,0.902205578,8.138
0.3,0.05,0.15,0.1,0.2,0.2,163.7819076,2.870429653,0.36694,0.235782076,439.210277,0.735036714,6.4905
0.3,0.05,0.15,0.2,0.15,0.15,173.7709774,2.859102585,0.35204,0.364078364,527.277609,0.137132351,7.0465
0.3,0.05,0.15,0.3,0.1,0.1,194.3409132,2.754339083,0.32646,0.219537295,615.7492228,0.276581272,7.6025
0.3,0.05,0.15,0.4,0.05,0.05,245.007535,2.439815611,0.27952,0.68625136,705.0171342,0.57615687,8.1585
0.3,0.05,0.2,0.05,0.2,0.2,162.8974584,2.867129604,0.3317,0.251230848,403.1245876,1.237732534,6.511
0.3,0.05,0.2,0.15,0.15,0.15,168.7946994,2.908902204,0.3496,0.313233689,491.4614762,0.562355816,7.067
0.3,0.05,0.2,0.25,0.1,0.1,181.2070526,2.819534522,0.33898,0.194210531,579.834165,0.089921611,7.623
0.3,0.05,0.2,0.35,0.05,0.05,238.2922038,2.48655127,0.29944,0.47796368,668.7743973,0.254785716,8.179
0.3,0.05,0.25,0.1,0.15,0.15,164.1235322,2.95040844,0.3583,0.344592745,455.3391982,0.976720441,7.0875
0.3,0.05,0.25,0.2,0.1,0.1,175.2025345,2.908360054,0.35596,0.180435407,543.7396826,0.449428621,7.6435
0.3,0.05,0.25,0.3,0.05,0.05,210.5661104,2.726809367,0.37294,0.28221083,632.450603,0.061409082,8.1995
0.3,0.05,0.3,0.05,0.15,0.15,159.6401199,2.987006761,0.35882,0.489776913,418.9167802,1.376294452,7.108
0.3,0.05,0.3,0.15,0.1,0.1,175.3168729,2.897450019,0.38634,0.170899143,507.4691163,0.800311231,7.664
0.3,0.05,0.3,0.25,0.05,0.05,191.240518,2.910380624,0.33204,0.35068756,596.0473037,0.37160724,8.22
0.3,0.05,0.35,0.1,0.1,0.1,173.5913769,2.865715713,0.37468,0.172527774,471.0259165,1.140067444,7.6845
0.3,0.05,0.35,0.2,0.05,0.05,188.042727,2.930316143,0.3464,0.30738142,559.5659387,0.674582568,8.2405
0.3,0.05,0.4,0.05,0.1,0.1,163.5677698,2.959224984,0.34516,0.178027401,434.4143181,1.467421459,7.705
0.3,0.05,0.4,0.15,0.05,0.05,176.6416689,3.054113387,0.39682,0.38523852,523.0079304,0.968538012,8.261
0.3,0.05,0.45,0.1,0.05,0.05,172.0808388,3.061102585,0.4029,0.707987344,486.3748195,1.254773427,8.2815
0.3,0.05,0.5,0.05,0.05,0.05,170.1741908,3.060524752,0.39102,0.781779926,449.6685333,1.540196331,8.302
0.35,0.05,0.05,0.05,0.25,0.25,150.3967262,3.004506297,0.3838,0.269908041,391.3284724,0.988071963,5.613
0.35,0.05,0.05,0.15,0.2,0.2,166.6565587,2.871637188,0.37272,0.2282985,478.9711459,0.140295247,6.169
0.35,0.05,0.05,0.25,0.15,0.15,179.4546438,2.819662027,0.37708,0.432866331,566.8486703,0.396081519,6.725
0.35,0.05,0.05,0.35,0.1,0.1,205.0179599,2.656547114,0.3223,0.257361992,655.5600387,0.758381334,7.281
0.35,0.05,0.05,0.45,0.05,0.05,239.2422964,2.455619258,0.2969,1.0251767,745.362284,1.015262625,7.837
0.35,0.05,0.1,0.1,0.2,0.2,163.4106082,2.890438297,0.36602,0.244936116,443.5096308,0.688369006,6.1895
0.35,0.05,0.1,0.2,0.15,0.15,178.1055263,2.830544269,0.38568,0.406552467,531.4565171,0.060862359,6.7455
0.35,0.05,0.1,0.3,0.1,0.1,192.3878487,2.75966574,0.32228,0.224989843,619.9059684,0.367644213,7.3015
0.35,0.05,0.1,0.4,0.05,0.05,241.2813183,2.444421201,0.29932,0.712543115,709.2420904,0.674360982,7.8575
0.35,0.05,0.15,0.05,0.2,0.2,157.3163522,2.96520991,0.37122,0.287435922,407.5342622,1.222931186,6.21
0.35,0.05,0.15,0.15,0.15,0.15,174.8813506,2.856492276,0.38704,0.366461494,495.735929,0.509188212,6.766
0.35,0.05,0.15,0.25,0.1,0.1,181.3942513,2.856915201,0.34162,0.203006139,584.0591064,0.016802797,7.322
0.35,0.05,0.15,0.35,0.05,0.05,228.1871716,2.559070452,0.35238,0.55336036,673.0347987,0.338446271,7.878
0.35,0.05,0.2,0.1,0.15,0.15,163.4050612,2.984492465,0.3411,0.395983778,459.6946168,0.94747376,6.7865
0.35,0.05,0.2,0.2,0.1,0.1,178.6694689,2.866331743,0.37416,0.187198255,548.0244209,0.394444154,7.3425
0.35,0.05,0.2,0.3,0.05,0.05,211.9950431,2.705914489,0.38626,0.24992056,636.7427169,0.007729658,7.8985
0.35,0.05,0.25,0.05,0.15,0.15,154.7170121,3.064842815,0.34132,0.513794795,423.3393003,1.372689799,6.807
0.35,0.05,0.25,0.15,0.1,0.1,170.6409493,2.994200703,0.3816,0.181305461,511.8059402,0.764059573,7.363
0.35,0.05,0.25,0.25,0.05,0.05,188.9534875,2.929194555,0.3821,0.27617574,600.367731,0.317190865,7.919
0.35,0.05,0.3,0.1,0.1,0.1,168.3267304,2.958243095,0.37096,0.172457311,475.4074929,1.12364118,7.3835
0.35,0.05,0.3,0.2,0.05,0.05,179.6412901,3.023052048,0.391,0.5128904,563.9115298,0.635347422,7.9395
0.35,0.05,0.35,0.05,0.1,0.1,159.8413697,3.091950985,0.32656,0.183739527,438.8334359,1.470190316,7.404
0.35,0.05,0.35,0.15,0.05,0.05,179.9492362,3.029966843,0.40798,0.56584161,527.375739,0.945303223,7.96
0.35,0.05,0.4,0.1,0.05,0.05,167.9381686,3.202831421,0.3936,0.787600424,490.7620479,1.244955243,7.9805
0.35,0.05,0.45,0.05,0.05,0.05,162.6334185,3.231882845,0.34498,0.786610444,454.0724124,1.542366763,8.001
0.4,0.05,0.05,0.1,0.2,0.2,161.0003926,2.921606948,0.36964,0.309668685,447.7991148,0.639712706,5.8885
0.4,0.05,0.05,0.2,0.15,0.15,176.0288107,2.831147466,0.3856,0.496720794,535.6252852,0.016890928,6.4445
0.4,0.05,0.05,0.3,0.1,0.1,201.6623864,2.691604397,0.3452,0.268416893,624.0542317,0.460135862,7.0005
0.4,0.05,0.05,0.4,0.05,0.05,227.1272984,2.536247676,0.3357,0.7717144,713.4618335,0.774127661,7.5565
0.4,0.05,0.1,0.05,0.2,0.2,152.1664152,3.044956301,0.37024,0.316770514,411.9362541,1.205168196,5.909
0.4,0.05,0.1,0.15,0.15,0.15,167.0554249,2.950752929,0.39638,0.455979905,500.0024072,0.454444655,6.465
0.4,0.05,0.1,0.25,0.1,0.1,180.3820307,2.866818535,0.39996,0.254494187,588.2773427,0.057570155,7.021
0.4,0.05,0.1,0.35,0.05,0.05,213.028575,2.644925268,0.37128,0.503531515,677.2910369,0.423373175,7.577
0.4,0.05,0.15,0.1,0.15,0.15,155.8840297,3.080775714,0.37008,0.503677498,464.0431515,0.915993897,6.4855
0.4,0.05,0.15,0.2,0.1,0.1,176.8862015,2.89505271,0.39424,0.213785043,552.3034283,0.338028615,7.0415
0.4,0.05,0.15,0.3,0.05,0.05,201.4360313,2.756835475,0.38436,0.2331564,641.0312936,0.078105785,7.5975
0.4,0.05,0.2,0.05,0.15,0.15,149.9099625,3.149437672,0.33472,0.630106636,427.7557279,1.365682874,6.506
0.4,0.05,0.2,0.15,0.1,0.1,168.8215276,2.967003393,0.36644,0.211999523,516.1376413,0.725938,7.062
0.4,0.05,0.2,0.25,0.05,0.05,182.1151303,2.984790402,0.3906,0.3000951,604.6850358,0.261400702,7.618
0.4,0.05,0.25,0.1,0.1,0.1,162.7542458,3.073228984,0.27986,0.205285086,479.784374,1.104615142,7.0825
0.4,0.05,0.25,0.2,0.05,0.05,171.2612354,3.142230464,0.40008,0.47075207,568.2542726,0.59443252,7.6385
0.4,0.05,0.3,0.05,0.1,0.1,144.032099,3.37633626,0.34962,0.206055849,443.2482055,1.471636931,7.103
0.4,0.05,0.3,0.15,0.05,0.05,170.7409514,3.152542488,0.39612,0.7501424,531.7408587,0.919855683,7.659
0.4,0.05,0.35,0.1,0.05,0.05,162.6985603,3.279471862,0.38218,0.901725796,495.1466542,1.235993823,7.6795
0.4,0.05,0.4,0.05,0.05,0.05,158.8296897,3.317752571,0.34026,0.868619434,458.4736971,1.541460715,7.7
0.45,0.05,0.05,0.05,0.2,0.2,151.4625443,3.016020828,0.37276,0.251096737,416.3309115,1.184791783,5.608
0.45,0.05,0.05,0.15,0.15,0.15,164.3379774,2.960640191,0.40832,0.410419261,504.2605496,0.398038554,6.164
0.45,0.05,0.05,0.25,0.1,0.1,183.9578706,2.818696209,0.39576,0.254473391,592.488281,0.133430814,6.72
0.45,0.05,0.05,0.35,0.05,0.05,215.0746651,2.625291888,0.36468,0.6901319,681.542649,0.509881829,7.276
0.45,0.05,0.1,0.1,0.15,0.15,149.3684491,3.144702028,0.374,0.44134917,468.3852022,0.882590232,6.1845
0.45,0.05,0.1,0.2,0.1,0.1,176.8997219,2.887045025,0.3983,0.246829016,556.5767099,0.280235858,6.7405
0.45,0.05,0.1,0.3,0.05,0.05,194.9625282,2.803094469,0.38236,0.335681115,645.3162051,0.149793651,7.2965
0.45,0.05,0.15,0.05,0.15,0.15,146.8256032,3.190943448,0.2776,0.579740961,432.1666964,1.355869811,6.205
0.45,0.05,0.15,0.15,0.1,0.1,166.3298897,3.008436148,0.30366,0.218142918,520.4644529,0.686165026,6.761
0.45,0.05,0.15,0.25,0.05,0.05,179.164921,2.990151958,0.3999,0.2547861,608.9992277,0.204281811,7.317
0.45,0.05,0.2,0.1,0.1,0.1,155.5373154,3.14152695,0.28106,0.215150415,484.1569122,1.083370406,6.7815
0.45,0.05,0.2,0.2,0.05,0.05,166.6076836,3.225783754,0.40016,0.43374082,572.5942593,0.551986899,7.3375
0.45,0.05,0.25,0.05,0.1,0.1,144.8407971,3.30177468,0.2626,0.215133711,447.6590692,1.469953183,6.802
0.45,0.05,0.25,0.15,0.05,0.05,162.8316613,3.26315937,0.39422,0.62079877,536.1034525,0.892476489,7.358
0.45,0.05,0.3,0.1,0.05,0.05,156.5665286,3.364968027,0.34978,0.9927549,499.5288682,1.224429491,7.3785
0.45,0.05,0.35,0.05,0.05,0.05,150.7011749,3.438897419,0.31356,0.908050196,462.8726662,1.54589282,7.399
0.5,0.05,0.05,0.1,0.15,0.15,150.8597268,3.10071643,0.38756,0.39677711,472.7205457,0.847240344,5.8835
0.5,0.05,0.05,0.2,0.1,0.1,177.2145211,2.884854299,0.4132,0.336342777,560.8437663,0.220855468,6.4395
0.5,0.05,0.05,0.3,0.05,0.05,198.3634589,2.758038069,0.39354,0.5921201,649.5970373,0.223094846,6.9955
0.5,0.05,0.1,0.05,0.15,0.15,142.5889054,3.21663206,0.31776,0.503413796,436.572616,1.343653815,5.904
0.5,0.05,0.1,0.15,0.1,0.1,154.5468433,3.119528307,0.38158,0.300117748,524.7864233,0.644833331,6.46
0.5,0.05,0.1,0.25,0.05,0.05,181.2574726,2.981405108,0.41672,0.362379315,613.3102071,0.145780305,7.016
0.5,0.05,0.15,0.1,0.1,0.1,153.4700407,3.166027852,0.248,0.267299302,488.525356,1.060183629,6.4805
0.5,0.05,0.15,0.2,0.05,0.05,170.5320037,3.15345874,0.39578,0.45965316,576.9315203,0.508087593,7.0365
0.5,0.05,0.2,0.05,0.1,0.1,139.4673398,3.402779482,0.2575,0.269926818,452.0663789,1.465613739,6.501
0.5,0.05,0.2,0.15,0.05,0.05,153.562369,3.338534663,0.38522,0.62742096,540.463631,0.863365586,7.057
0.5,0.05,0.25,0.1,0.05,0.05,150.4715256,3.404041477,0.293,0.96472467,503.9088673,1.210621566,7.0775
0.5,0.05,0.3,0.05,0.05,0.05,140.7585381,3.613380544,0.26378,1.0340315,467.2695509,1.548319014,7.098
0.55,0.05,0.05,0.05,0.15,0.15,144.3184825,3.18362709,0.3187,0.483415501,440.9733884,1.329100511,5.603
0.55,0.05,0.05,0.15,0.1,0.1,162.3878533,3.065712766,0.3847,0.336523364,529.1031578,0.601771299,6.159
0.55,0.05,0.05,0.25,0.05,0.05,175.2391391,3.075695064,0.40766,0.7046411,617.6176196,0.085621564,6.715
0.55,0.05,0.1,0.1,0.1,0.1,139.5941373,3.360581236,0.34588,0.311101898,492.8897897,1.035196859,6.1795
0.55,0.05,0.1,0.2,0.05,0.05,170.5230051,3.123491053,0.41556,0.611819915,581.2659862,0.462709042,6.7355
0.55,0.05,0.15,0.05,0.1,0.1,139.433625,3.380927302,0.3062,0.293539966,456.4703879,1.458968828,6.2
0.55,0.05,0.15,0.15,0.05,0.05,162.9715241,3.229835339,0.3654,0.83105686,544.8214447,0.832640908,6.756
0.55,0.05,0.2,0.1,0.05,0.05,146.7668211,3.453785147,0.25488,1.1877394,508.2867779,1.194833001,6.7765
0.55,0.05,0.25,0.05,0.05,0.05,129.7270144,3.8032086,0.26662,1.24220817,471.6645353,1.548123416,6.797
0.6,0.05,0.05,0.1,0.1,0.1,138.2822059,3.411713643,0.34068,0.335716863,497.2499294,1.008295189,5.8785
0.6,0.05,0.05,0.2,0.05,0.05,167.8810249,3.16217315,0.41078,0.8955242,585.5973697,0.415617061,6.4345
0.6,0.05,0.1,0.05,0.1,0.1,134.3122782,3.4670304,0.31054,0.319157804,460.8712099,1.450223799,5.899
0.6,0.05,0.1,0.15,0.05,0.05,168.9887562,3.13977418,0.35654,0.887290515,549.176856,0.80031447,6.455
0.6,0.05,0.15,0.1,0.05,0.05,138.0694599,3.548853186,0.23704,1.3062853,512.66267,1.177233488,6.4755
0.6,0.05,0.2,0.05,0.05,0.05,124.5054723,3.922992234,0.23092,1.3290438,476.0577568,1.545645808,6.496
0.65,0.05,0.05,0.05,0.1,0.1,129.6493847,3.631735783,0.28948,0.352691446,465.2686696,0,5.598
0.65,0.05,0.05,0.15,0.05,0.05,152.9968794,3.345228073,0.36294,0.8955242,553.5296478,0.766205638,6.154
0.65,0.05,0.1,0.1,0.05,0.05,145.2031053,3.470920184,0.2585,1.0464177,517.0365371,1.157883223,6.1745
0.65,0.05,0.15,0.05,0.05,0.05,120.8946632,3.971642889,0.24142,1.3062853,480.4493019,1.541120182,6.195
0.7,0.05,0.05,0.1,0.05,0.05,133.024651,3.622774274,0.26746,1.0297168,521.4082314,1.136667153,5.8735
0.7,0.05,0.1,0.05,0.05,0.05,120.4110348,3.902132227,0.25276,1.0393739,484.8391929,1.534666556,5.894
0.75,0.05,0.05,0.05,0.05,0.05,122.388698,3.821182094,0.2758,1.024933,489.2273453,1.526245821,5.593
0.05,0.1,0.05,0.1,0.35,0.35,164.7666167,2.881228414,0.38226,0.762888217,366.2687544,1.211022106,5.99
0.05,0.1,0.05,0.2,0.3,0.3,175.964838,2.8616764,0.35322,0.750707637,452.999469,1.526766435,6.546
0.05,0.1,0.05,0.3,0.25,0.25,195.2479092,2.699218023,0.25724,0.614227638,540.5811622,1.699148706,7.102
0.05,0.1,0.05,0.4,0.2,0.2,210.8931648,2.580442126,0.17832,0.632521797,629.2214955,1.806748069,7.658
0.05,0.1,0.05,0.5,0.15,0.15,240.3552364,2.472573778,0.14278,0.894407872,719.0090609,1.879778782,8.214
0.05,0.1,0.05,0.6,0.1,0.1,270.7898216,2.377565156,0.06962,0.205334547,809.9958467,1.932064284,8.77
0.05,0.1,0.05,0.7,0.05,0.05,321.6203536,2.186780027,0.06996,1.5922815,902.2193781,1.970356691,9.326
0.05,0.1,0.1,0.05,0.35,0.35,164.7566269,2.874029251,0.39346,0.730153123,332.0083182,0.415606697,6.0105
0.05,0.1,0.1,0.15,0.3,0.3,176.6590427,2.840479851,0.37906,0.713176065,419.235526,0.926391971,6.5665
0.05,0.1,0.1,0.25,0.25,0.25,187.6056795,2.747666486,0.25982,0.718867254,506.7542738,1.217770364,7.1225
0.05,0.1,0.1,0.35,0.2,0.2,208.3674754,2.595777564,0.24366,0.825797696,595.054009,1.405189274,7.6785
0.05,0.1,0.1,0.45,0.15,0.15,231.0221908,2.497136481,0.16426,1.118422638,684.3379111,1.535393641,8.2345
0.05,0.1,0.1,0.55,0.1,0.1,252.5191827,2.431426062,0.11082,0.194963427,774.7130709,1.630611662,8.7905
0.05,0.1,0.1,0.65,0.05,0.05,318.4544692,2.17420062,0.1249,1.487427866,866.2466418,1.702300241,9.3465
0.05,0.1,0.15,0.1,0.3,0.3,167.2497845,2.86833576,0.364,0.742882057,384.6508129,0.34099453,6.587
0.05,0.1,0.15,0.2,0.25,0.25,181.4482763,2.799927923,0.2876,0.668069608,472.3684116,0.744821024,7.143
0.05,0.1,0.15,0.3,0.2,0.2,195.1883215,2.675902216,0.24662,0.607837911,560.5049816,1.009060394,7.699
0.05,0.1,0.15,0.4,0.15,0.15,224.6448902,2.521454709,0.17946,0.900574193,649.4152739,1.194797749,8.255
0.05,0.1,0.15,0.5,0.1,0.1,243.0441652,2.444150118,0.1384,0.16882303,739.2796794,1.331969253,8.811
0.05,0.1,0.15,0.6,0.05,0.05,305.1323473,2.194382954,0.13824,1.1747169,830.2050128,1.436471306,9.367
0.05,0.1,0.2,0.05,0.3,0.3,167.9955681,2.850834295,0.38186,0.611498078,349.2558951,0.214339918,6.6075
0.05,0.1,0.2,0.15,0.25,0.25,172.9356008,2.823546601,0.33488,0.528446231,437.4316022,0.282065324,7.1635
0.05,0.1,0.2,0.25,0.2,0.2,198.2717746,2.610345853,0.2638,0.379436726,525.5798842,0.61917819,7.7195
0.05,0.1,0.2,0.35,0.15,0.15,221.7836392,2.531531613,0.20534,0.556777712,614.2447173,0.858456263,8.2755
0.05,0.1,0.2,0.45,0.1,0.1,245.69539,2.426203502,0.16026,0.15539464,703.6978035,1.036427759,8.8315
0.05,0.1,0.2,0.55,0.05,0.05,295.1714208,2.236645732,0.12766,1.04112883,794.0954578,1.173058539,9.3875
0.05,0.1,0.25,0.1,0.25,0.25,168.318638,2.847292334,0.37442,0.566405912,401.9503662,0.162454479,7.184
0.05,0.1,0.25,0.2,0.2,0.2,200.5905132,2.589226485,0.29436,0.407020168,490.2840002,0.23689317,7.74
0.05,0.1,0.25,0.3,0.15,0.15,206.8614907,2.594443096,0.22166,0.460162814,578.8298005,0.527053657,8.296
0.05,0.1,0.25,0.4,0.1,0.1,245.2396483,2.419470889,0.18168,0.150469357,667.969565,0.744395075,8.852
0.05,0.1,0.25,0.5,0.05,0.05,294.4781112,2.23135721,0.12616,0.87232432,757.918943,0.912314894,9.408
0.05,0.1,0.3,0.05,0.25,0.25,167.6509309,2.835674795,0.38294,0.702114477,365.9293653,0.548256881,7.2045
0.05,0.1,0.3,0.15,0.2,0.2,177.4905604,2.770559104,0.35972,0.484901261,454.6214658,0.134308646,7.7605
0.05,0.1,0.3,0.25,0.15,0.15,203.0473131,2.615509387,0.28022,0.43769883,543.1737098,0.201709442,8.3165
0.05,0.1,0.3,0.35,0.1,0.1,236.3436757,2.463565115,0.22222,0.145834001,632.0969229,0.456489732,8.8725
0.05,0.1,0.3,0.45,0.05,0.05,266.4733434,2.329891584,0.15076,0.69611683,721.6763651,0.654609674,9.4285
0.05,0.1,0.35,0.1,0.2,0.2,171.7901485,2.812195642,0.36714,0.502569867,418.5954725,0.48467229,7.781
0.05,0.1,0.35,0.2,0.15,0.15,202.1302929,2.63946893,0.25424,0.444200433,507.2790636,0.115680454,8.337
0.05,0.1,0.35,0.3,0.1,0.1,218.6247669,2.549452327,0.22052,0.142927656,596.0816078,0.173662472,8.893
0.05,0.1,0.35,0.4,0.05,0.05,259.8293427,2.358224002,0.15356,0.42668855,685.3685227,0.400490423,9.449
0.05,0.1,0.4,0.05,0.2,0.2,170.7286788,2.830242031,0.38432,0.557824115,382.2112937,0.635951488,7.8015
0.05,0.1,0.4,0.15,0.15,0.15,184.0592748,2.77115284,0.2516,0.454450907,471.1481354,0.419915325,8.3575
0.05,0.1,0.4,0.25,0.1,0.1,218.9707163,2.537197691,0.24278,0.152545947,559.9251239,0.102625478,8.9135
0.05,0.1,0.4,0.35,0.05,0.05,251.2424182,2.398994399,0.13614,0.21283426,648.9961029,0.15077046,9.4695
0.05,0.1,0.45,0.1,0.15,0.15,179.1119181,2.802369359,0.27984,0.479220087,434.7838549,0.636384952,8.378
0.05,0.1,0.45,0.2,0.1,0.1,204.9634276,2.638220073,0.20928,0.190322145,523.6288648,0.370139046,8.934
0.05,0.1,0.45,0.3,0.05,0.05,223.122942,2.586861572,0.16522,0.17743628,612.5596848,0.093342571,9.49
0.05,0.1,0.5,0.05,0.15,0.15,178.3600195,2.830031613,0.30912,0.553403394,398.1918244,0.891666797,8.3985
0.05,0.1,0.5,0.15,0.1,0.1,190.2791638,2.746627416,0.27862,0.185220223,487.1944157,0.626257141,8.9545
0.05,0.1,0.5,0.25,0.05,0.05,208.6873214,2.703166405,0.1741,0.32227088,576.0597689,0.330059049,9.5105
0.05,0.1,0.55,0.1,0.1,0.1,181.999078,2.843341612,0.29552,0.191155105,450.6241559,0.806421216,8.975
0.05,0.1,0.55,0.2,0.05,0.05,205.0491747,2.771709656,0.17618,0.59322046,539.4968619,0.558451612,9.531
0.05,0.1,0.6,0.05,0.1,0.1,179.1753561,2.895811155,0.25028,0.24930636,413.9224132,1.063284789,8.9955
0.05,0.1,0.6,0.15,0.05,0.05,199.4902673,2.801090532,0.15564,0.767494,502.8716675,0.753309175,9.5515
0.05,0.1,0.65,0.1,0.05,0.05,199.9120257,2.789690338,0.20028,1.0052784,466.1854747,0.973187503,9.572
0.05,0.1,0.7,0.05,0.05,0.05,196.6543346,2.842366619,0.21306,1.0052784,429.4408892,1.174117952,9.5925
0.1,0.1,0.05,0.05,0.35,0.35,161.5689216,2.900293312,0.39358,0.391298344,336.1397967,0.51565372,5.7095
0.1,0.1,0.05,0.15,0.3,0.3,170.6634946,2.887155489,0.37922,0.377899849,422.9160452,1.111951239,6.2655
0.1,0.1,0.05,0.25,0.25,0.25,182.3646954,2.785307528,0.26698,0.265760986,510.2107549,1.419845676,6.8215
0.1,0.1,0.05,0.35,0.2,0.2,209.3863241,2.572202108,0.24186,0.240711456,598.474997,1.603637063,7.3775
0.1,0.1,0.05,0.45,0.15,0.15,231.693216,2.493605507,0.16362,0.541073182,687.8625546,1.724039968,7.9335
0.1,0.1,0.05,0.55,0.1,0.1,266.0498528,2.369639614,0.13922,0.174268609,778.4451833,1.807986842,8.4895
0.1,0.1,0.05,0.65,0.05,0.05,318.3038833,2.173887633,0.06232,1.574545369,870.266416,1.868694664,9.0455
0.1,0.1,0.1,0.1,0.3,0.3,163.5575772,2.918030421,0.3276,0.410769726,388.6843493,0.457132829,6.286
0.1,0.1,0.1,0.2,0.25,0.25,176.4333142,2.838404928,0.31428,0.376777672,476.1282962,0.901984875,6.842
0.1,0.1,0.1,0.3,0.2,0.2,198.3182575,2.661306562,0.25162,0.477154699,564.1622044,1.175943305,7.398
0.1,0.1,0.1,0.4,0.15,0.15,228.1228866,2.485258734,0.16506,0.840699202,653.1095482,1.360003441,7.954
0.1,0.1,0.1,0.5,0.1,0.1,247.10596,2.424379213,0.15348,0.176906348,743.1197748,1.491195377,8.51
0.1,0.1,0.1,0.6,0.05,0.05,306.9432906,2.190758095,0.11198,1.440907203,834.2765986,1.588271482,9.066
0.1,0.1,0.15,0.05,0.3,0.3,162.8814821,2.898124786,0.37608,0.375789614,353.5565591,0.178727549,6.3065
0.1,0.1,0.15,0.15,0.25,0.25,174.5276825,2.837401715,0.3518,0.319701606,441.444657,0.394420125,6.8625
0.1,0.1,0.15,0.25,0.2,0.2,190.1866176,2.703889187,0.2671,0.24117521,529.4431243,0.754784053,7.4185
0.1,0.1,0.15,0.35,0.15,0.15,208.7883134,2.608042473,0.21494,0.561690636,618.0907133,1.00046637,7.9745
0.1,0.1,0.15,0.45,0.1,0.1,237.2392964,2.456025225,0.16142,0.156808548,707.6360593,1.177702366,8.5305
0.1,0.1,0.15,0.55,0.05,0.05,292.5056646,2.238652573,0.13672,1.142411737,798.2146541,1.310449353,9.0865
0.1,0.1,0.2,0.1,0.25,0.25,167.9157156,2.853341863,0.34506,0.330341822,406.1702441,0.100583769,6.883
0.1,0.1,0.2,0.2,0.2,0.2,193.8529954,2.654273752,0.2932,0.17149724,494.3249154,0.341060674,7.439
0.1,0.1,0.2,0.3,0.15,0.15,203.1236351,2.622748839,0.23022,0.305512585,582.8105569,0.64593261,7.995
0.1,0.1,0.2,0.4,0.1,0.1,239.8802542,2.437795707,0.19464,0.145579259,671.9966307,0.867823596,8.551
0.1,0.1,0.2,0.5,0.05,0.05,290.4307439,2.244960625,0.15036,1.00724732,762.081742,1.035424484,9.107
0.1,0.1,0.25,0.05,0.25,0.25,165.346246,2.860398489,0.37568,0.378192448,370.3126708,0.570232222,6.9035
0.1,0.1,0.25,0.15,0.2,0.2,179.8928192,2.750420688,0.3204,0.194402132,458.8138178,0.063453931,7.4595
0.1,0.1,0.25,0.25,0.15,0.15,203.4721132,2.609058111,0.28764,0.230197951,547.2733582,0.297217136,8.0155
0.1,0.1,0.25,0.35,0.1,0.1,234.6773173,2.473481295,0.21774,0.146809079,636.2039941,0.562034661,8.5715
0.1,0.1,0.25,0.45,0.05,0.05,255.9486279,2.381830337,0.168,0.8160751,725.8789805,0.763488885,9.1275
0.1,0.1,0.3,0.1,0.2,0.2,171.0105193,2.825753176,0.3365,0.233453459,422.9146439,0.452018383,7.48
0.1,0.1,0.3,0.2,0.15,0.15,202.1746044,2.623437602,0.28548,0.197086788,511.4828027,0.044255905,8.036
0.1,0.1,0.3,0.3,0.1,0.1,215.0844711,2.577681344,0.22778,0.133772119,600.2604272,0.261080947,8.592
0.1,0.1,0.3,0.4,0.05,0.05,262.8309811,2.344716682,0.1637,0.5179028,689.6073944,0.495082415,9.148
0.1,0.1,0.35,0.05,0.2,0.2,165.9848027,2.869600656,0.36704,0.292909479,386.632734,0.807408843,7.5005
0.1,0.1,0.35,0.15,0.15,0.15,189.4973124,2.744520965,0.29076,0.193783941,475.4420143,0.376015481,8.0565
0.1,0.1,0.35,0.25,0.1,0.1,211.0627959,2.590149496,0.2118,0.131815382,564.1679494,0.033873149,8.6125
0.1,0.1,0.35,0.35,0.05,0.05,248.2992628,2.426140044,0.1732,0.314227918,653.267901,0.230860791,9.1685
0.1,0.1,0.4,0.1,0.15,0.15,174.6644058,2.845741996,0.30442,0.239776212,439.1543217,0.691792215,8.077
0.1,0.1,0.4,0.2,0.1,0.1,197.9970669,2.719019367,0.25614,0.134104125,527.9284065,0.321029524,8.633
0.1,0.1,0.4,0.3,0.05,0.05,239.6928968,2.459110191,0.1936,0.200084806,616.8613128,0.028203884,9.189
0.1,0.1,0.45,0.05,0.15,0.15,176.3510991,2.839970005,0.2994,0.395911285,402.6249801,0.897462125,8.0975
0.1,0.1,0.45,0.15,0.1,0.1,186.0996344,2.803773329,0.2507,0.123245883,491.5437263,0.597646072,8.6535
0.1,0.1,0.45,0.25,0.05,0.05,218.0685141,2.633676626,0.203,0.214730206,580.3883597,0.280672701,9.2095
0.1,0.1,0.5,0.1,0.1,0.1,176.5346784,2.912248189,0.2923,0.129515529,455.0164119,0.82193121,8.674
0.1,0.1,0.5,0.2,0.05,0.05,197.8850971,2.812125191,0.2034,0.374960256,543.8497503,0.524420008,9.23
0.1,0.1,0.55,0.05,0.1,0.1,178.0481417,2.899985882,0.2956,0.134768991,418.3504312,1.080353051,8.6945
0.1,0.1,0.55,0.15,0.05,0.05,191.0490696,2.882236178,0.18346,0.6828643,507.2463106,0.765618305,9.2505
0.1,0.1,0.6,0.1,0.05,0.05,187.6415027,2.908567185,0.18422,0.9635978,470.5792766,0.972463477,9.271
0.1,0.1,0.65,0.05,0.05,0.05,187.8423118,2.909780189,0.2076,1.0016857,433.8508601,1.196340728,9.2915
0.15,0.1,0.05,0.1,0.3,0.3,162.6358135,2.940364118,0.36472,0.334138701,392.6926566,0.575821996,5.985
0.15,0.1,0.05,0.2,0.25,0.25,175.1616715,2.844985658,0.37904,0.24599378,479.8609918,1.060954984,6.541
0.15,0.1,0.05,0.3,0.2,0.2,205.5221744,2.598597281,0.25904,0.204815403,567.7946737,1.344458741,7.097
0.15,0.1,0.05,0.4,0.15,0.15,223.2163816,2.508281444,0.20932,0.520692514,656.7836176,1.526727874,7.653
0.15,0.1,0.05,0.5,0.1,0.1,245.0834325,2.45137153,0.15976,0.167155559,746.9454076,1.651872109,8.209
0.15,0.1,0.05,0.6,0.05,0.05,299.694383,2.226759249,0.0821,1.503760437,838.3402954,1.741584088,8.765
0.15,0.1,0.1,0.05,0.3,0.3,160.69441,2.941628531,0.3759,0.297523584,357.8389658,0.129109003,6.0055
0.15,0.1,0.1,0.15,0.25,0.25,171.1143612,2.874468995,0.37288,0.269701615,445.4366651,0.508799126,6.5615
0.15,0.1,0.1,0.25,0.2,0.2,186.4293612,2.737168706,0.29254,0.285319638,533.2864645,0.891863663,7.1175
0.15,0.1,0.1,0.35,0.15,0.15,210.5369859,2.585259795,0.23422,0.65006337,621.9200087,1.143786832,7.6735
0.15,0.1,0.1,0.45,0.1,0.1,243.1732627,2.435463008,0.20444,0.165171739,711.5621191,1.320222389,8.2295
0.15,0.1,0.1,0.55,0.05,0.05,292.3604279,2.241903523,0.1274,1.339783303,802.3271181,1.44912674,8.7855
0.15,0.1,0.15,0.1,0.25,0.25,163.2821712,2.88705932,0.38496,0.282903081,410.3726383,0.031104153,6.582
0.15,0.1,0.15,0.2,0.2,0.2,188.4778059,2.706298819,0.31846,0.170987804,498.3492918,0.446947489,7.138
0.15,0.1,0.15,0.3,0.15,0.15,199.8778431,2.656105997,0.24144,0.346275244,586.7772693,0.766103396,7.694
0.15,0.1,0.15,0.4,0.1,0.1,232.1421554,2.476745457,0.223,0.158912287,676.0133059,0.992403767,8.25
0.15,0.1,0.15,0.5,0.05,0.05,286.3911454,2.25701044,0.17618,1.0893141,766.2387528,1.159678983,8.806
0.15,0.1,0.2,0.05,0.25,0.25,162.0069974,2.882058755,0.3783,0.329469536,374.680661,0.555246609,6.6025
0.15,0.1,0.2,0.15,0.2,0.2,181.3039245,2.739124684,0.33582,0.156112733,462.9917385,0.010794617,7.1585
0.15,0.1,0.2,0.25,0.15,0.15,193.9213484,2.689752052,0.31706,0.195416819,551.3608762,0.394223207,7.7145
0.15,0.1,0.2,0.35,0.1,0.1,234.7810664,2.469130342,0.21822,0.15063669,640.3020761,0.668751614,8.2705
0.15,0.1,0.2,0.45,0.05,0.05,264.1782989,2.347029586,0.17312,0.91821088,730.0765736,0.873440347,8.8265
0.15,0.1,0.25,0.1,0.2,0.2,168.3855498,2.831718864,0.35716,0.160857914,427.2206876,0.414074887,7.179
0.15,0.1,0.25,0.2,0.15,0.15,193.1386922,2.688293352,0.31228,0.147787621,515.6757114,0.029163109,7.735
0.15,0.1,0.25,0.3,0.1,0.1,227.0382308,2.506004787,0.22764,0.147122195,604.4313122,0.349825829,8.291
0.15,0.1,0.25,0.4,0.05,0.05,243.435158,2.455220939,0.168,0.6740509,693.8418549,0.5907484,8.847
0.15,0.1,0.3,0.05,0.2,0.2,164.3613402,2.858410513,0.36268,0.231666916,391.042277,0.819710619,7.1995
0.15,0.1,0.3,0.15,0.15,0.15,181.1805223,2.771341639,0.30892,0.139144069,479.7259084,0.327207917,7.7555
0.15,0.1,0.3,0.25,0.1,0.1,206.1632606,2.62617768,0.26522,0.134818274,568.4035932,0.036536081,8.3115
0.15,0.1,0.3,0.35,0.05,0.05,255.8655648,2.380238316,0.17294,0.46028298,657.5357529,0.31212566,8.8675
0.15,0.1,0.35,0.1,0.15,0.15,169.927731,2.875240283,0.35418,0.18973897,443.515375,0.671660755,7.776
0.15,0.1,0.35,0.2,0.1,0.1,203.7503817,2.653941896,0.31706,0.135849064,532.2212481,0.269681131,8.332
0.15,0.1,0.35,0.3,0.05,0.05,241.0366373,2.463302677,0.22394,0.20839879,621.1593119,0.038353839,8.888
0.15,0.1,0.4,0.05,0.15,0.15,168.3637892,2.899977604,0.39896,0.388529678,407.0492715,0.998983937,7.7965
0.15,0.1,0.4,0.15,0.1,0.1,183.7698216,2.8226364,0.2811,0.119262481,495.8865755,0.56661397,8.3525
0.15,0.1,0.4,0.25,0.05,0.05,219.2130518,2.601070892,0.21144,0.18909915,584.7134878,0.229410209,8.9085
0.15,0.1,0.45,0.1,0.1,0.1,176.1191803,2.90500169,0.29938,0.123755393,459.4022741,0.850915858,8.373
0.15,0.1,0.45,0.2,0.05,0.05,197.3802559,2.811140016,0.21238,0.202198858,548.1991966,0.489458267,8.929
0.15,0.1,0.5,0.05,0.1,0.1,173.7719896,2.92565168,0.30366,0.133574618,422.7721589,1.091235382,8.3935
0.15,0.1,0.5,0.15,0.05,0.05,188.1165967,2.895867231,0.21714,0.431347856,511.6174176,0.739376183,8.9495
0.15,0.1,0.55,0.1,0.05,0.05,183.9545408,2.921781255,0.33782,0.8691524,474.969411,0.974660318,8.97
0.15,0.1,0.6,0.05,0.05,0.05,187.31579,2.915084992,0.38044,1.0556294,438.2571529,1.213404441,8.9905
0.2,0.1,0.05,0.05,0.3,0.3,159.256276,2.960366759,0.37216,0.298357796,362.1059328,0.076048911,5.7045
0.2,0.1,0.05,0.15,0.25,0.25,166.6318306,2.906816429,0.38642,0.256444373,449.4080712,0.624932341,6.2605
0.2,0.1,0.05,0.25,0.2,0.2,185.3076461,2.731023849,0.35278,0.216671672,537.1095158,1.030452202,6.8165
0.2,0.1,0.05,0.35,0.15,0.15,213.8612645,2.561667918,0.23522,0.484728821,625.7320086,1.288532338,7.3725
0.2,0.1,0.05,0.45,0.1,0.1,240.7536631,2.458803209,0.2302,0.167753915,715.4754367,1.464134994,7.9285
0.2,0.1,0.05,0.55,0.05,0.05,295.5480351,2.229729668,0.08722,1.444705637,806.4324677,1.589291186,8.4845
0.2,0.1,0.1,0.1,0.25,0.25,161.9355476,2.932578531,0.38308,0.272887597,414.5594852,0.040804225,6.281
0.2,0.1,0.1,0.2,0.2,0.2,181.4294073,2.755518732,0.33506,0.178769789,502.3577,0.554289817,6.837
0.2,0.1,0.1,0.3,0.15,0.15,192.6697159,2.706584204,0.3038,0.48214054,590.7299485,0.887510445,7.393
0.2,0.1,0.1,0.4,0.1,0.1,226.348158,2.521375353,0.23298,0.167121191,680.0194091,1.11816325,7.949
0.2,0.1,0.1,0.5,0.05,0.05,273.2312481,2.314610107,0.17224,1.310899666,770.3897829,1.285172851,8.505
0.2,0.1,0.15,0.05,0.25,0.25,159.4865541,2.913269701,0.38346,0.32077026,379.0358908,0.528721807,6.3015
0.2,0.1,0.15,0.15,0.2,0.2,174.6599508,2.787841933,0.35382,0.18293943,467.1563766,0.087000864,6.8575
0.2,0.1,0.15,0.25,0.15,0.15,186.5344826,2.749439247,0.34994,0.295235424,555.4366379,0.492537729,7.4135
0.2,0.1,0.15,0.35,0.1,0.1,233.9220733,2.475005906,0.25976,0.164880699,644.3912008,0.776590852,7.9695
0.2,0.1,0.15,0.45,0.05,0.05,280.8416975,2.260540207,0.19292,1.0244393,734.2690576,0.984502712,8.5255
0.2,0.1,0.2,0.1,0.2,0.2,166.3681131,2.834386392,0.33008,0.159293682,431.5150699,0.369902077,6.878
0.2,0.1,0.2,0.2,0.15,0.15,183.7750481,2.755822018,0.40674,0.1757499,519.8584071,0.104244441,7.434
0.2,0.1,0.2,0.3,0.1,0.1,229.8323569,2.500817147,0.2791,0.152950601,608.5944364,0.439777923,7.99
0.2,0.1,0.2,0.4,0.05,0.05,250.7025319,2.405336678,0.22646,0.76081928,698.0718877,0.68748409,8.546
0.2,0.1,0.25,0.05,0.2,0.2,164.4869461,2.847617282,0.39652,0.199326352,395.4414781,0.812705083,6.8985
0.2,0.1,0.25,0.15,0.15,0.15,177.7893143,2.80717672,0.40498,0.146064617,484.0006122,0.276032649,7.4545
0.2,0.1,0.25,0.25,0.1,0.1,209.2108618,2.599324735,0.30358,0.150340713,572.632344,0.108398625,8.0105
0.2,0.1,0.25,0.35,0.05,0.05,241.1101251,2.469640264,0.24014,0.57835247,661.7997033,0.394509617,8.5665
0.2,0.1,0.3,0.1,0.15,0.15,171.787465,2.853315566,0.35682,0.202998331,447.8679686,0.645810177,7.475
0.2,0.1,0.3,0.2,0.1,0.1,200.4861082,2.65148588,0.32098,0.136906425,536.5077973,0.216422307,8.031
0.2,0.1,0.3,0.3,0.05,0.05,247.5413019,2.41855924,0.32548,0.36010877,625.4537939,0.106199133,8.587
0.2,0.1,0.35,0.05,0.15,0.15,167.3765012,2.886968489,0.39594,0.38460269,411.4657823,1.000926019,7.4955
0.2,0.1,0.35,0.15,0.1,0.1,184.8100862,2.772952453,0.34928,0.125962747,500.2235101,0.532909843,8.0515
0.2,0.1,0.35,0.25,0.05,0.05,232.4815871,2.528428329,0.3127,0.32051072,589.0353431,0.176518933,8.6075
0.2,0.1,0.4,0.1,0.1,0.1,174.1347368,2.865793932,0.36724,0.123405265,463.7824293,0.83835905,8.072
0.2,0.1,0.4,0.2,0.05,0.05,204.9022048,2.721957459,0.25582,0.31348079,552.5454769,0.452273121,8.628
0.2,0.1,0.45,0.05,0.1,0.1,170.1565494,2.929652974,0.3863,0.131935091,427.1883535,1.134640207,8.0925
0.2,0.1,0.45,0.15,0.05,0.05,185.4826159,2.935705726,0.2262,0.39692243,515.985347,0.719042803,8.6485
0.2,0.1,0.5,0.1,0.05,0.05,177.4476101,2.965274846,0.3833,0.781985124,479.3562933,0.981152116,8.669
0.2,0.1,0.55,0.05,0.05,0.05,182.5522,2.936949444,0.3868,0.9935189,442.6601749,1.225970057,8.6895
0.25,0.1,0.05,0.1,0.25,0.25,160.8133406,2.947547429,0.37114,0.255503516,418.7314749,0.114708828,5.98
0.25,0.1,0.05,0.2,0.2,0.2,174.8730274,2.809507604,0.35506,0.225227404,506.3497921,0.663116508,6.536
0.25,0.1,0.05,0.3,0.15,0.15,197.1675155,2.677861414,0.34444,0.45193618,594.6679519,1.01029606,7.092
0.25,0.1,0.05,0.4,0.1,0.1,221.2532349,2.54037455,0.23032,0.232507057,684.0143308,1.245284833,7.648
0.25,0.1,0.05,0.5,0.05,0.05,271.8361571,2.322925566,0.26396,1.2922602,774.5344097,1.41214357,8.204
0.25,0.1,0.1,0.05,0.25,0.25,152.8437659,2.995586938,0.34536,0.275339646,383.3803981,0.498840338,6.0005
0.25,0.1,0.1,0.15,0.2,0.2,173.5690002,2.802897885,0.35292,0.198621853,471.3084448,0.164802432,6.5565
0.25,0.1,0.1,0.25,0.15,0.15,187.0507249,2.747300605,0.35044,0.445367397,559.5007196,0.592079,7.1125
0.25,0.1,0.1,0.35,0.1,0.1,214.1740899,2.587338522,0.26664,0.221026988,648.4712084,0.885576692,7.6685
0.25,0.1,0.1,0.45,0.05,0.05,268.6628204,2.31467163,0.25544,1.109821266,738.4562436,1.096775738,8.2245
0.25,0.1,0.15,0.1,0.2,0.2,166.2405408,2.840350465,0.32392,0.1887821,435.7990153,0.32329583,6.577
0.25,0.1,0.15,0.2,0.15,0.15,180.5974512,2.798358547,0.40488,0.333948709,524.0313391,0.180740877,7.133
0.25,0.1,0.15,0.3,0.1,0.1,207.7249652,2.628148778,0.28178,0.201917033,612.7498714,0.530865956,7.689
0.25,0.1,0.15,0.4,0.05,0.05,254.1576627,2.37798311,0.27714,0.7309329,702.2974214,0.785320004,8.245
0.25,0.1,0.2,0.05,0.2,0.2,164.9642921,2.846694664,0.37378,0.193578082,399.8317146,0.798845999,6.5975
0.25,0.1,0.2,0.15,0.15,0.15,171.8557573,2.858916476,0.40544,0.265620201,488.2667944,0.22291001,7.1535
0.25,0.1,0.2,0.25,0.1,0.1,200.8070032,2.683501096,0.3348,0.18182039,576.8544163,0.181558206,7.7095
0.25,0.1,0.2,0.35,0.05,0.05,244.1628464,2.443547,0.27706,0.53170457,666.0597554,0.477989668,8.2655
0.25,0.1,0.25,0.1,0.15,0.15,166.324997,2.90839965,0.4025,0.280659335,452.2129119,0.617061112,7.174
0.25,0.1,0.25,0.2,0.1,0.1,195.9068041,2.697335398,0.343,0.173890261,540.7883813,0.161513918,7.73
0.25,0.1,0.25,0.3,0.05,0.05,224.9294054,2.563142668,0.32516,0.27485593,629.7448262,0.175245021,8.286
0.25,0.1,0.3,0.05,0.15,0.15,164.0126452,2.93034014,0.3826,0.428148899,415.8754306,0.998444816,7.1945
0.25,0.1,0.3,0.15,0.1,0.1,186.8371223,2.739683416,0.3596,0.160230783,504.5549729,0.496950995,7.7505
0.25,0.1,0.3,0.25,0.05,0.05,219.1088499,2.626216267,0.32784,0.31853128,593.3540623,0.122179664,8.3065
0.25,0.1,0.35,0.1,0.1,0.1,176.2525605,2.816927729,0.35116,0.161511828,468.1574447,0.822572162,7.771
0.25,0.1,0.35,0.2,0.05,0.05,208.4525383,2.688324387,0.3371,0.27459772,556.888806,0.413185757,8.327
0.25,0.1,0.4,0.05,0.1,0.1,169.4326138,2.902587139,0.38914,0.166286421,431.5996731,1.135098615,7.7915
0.25,0.1,0.4,0.15,0.05,0.05,184.8908981,2.957212053,0.33848,0.35902601,520.3503928,0.696153401,8.3475
0.25,0.1,0.45,0.1,0.05,0.05,172.6421324,3.011265955,0.37868,0.670839872,483.7402807,0.968701565,8.368
0.25,0.1,0.5,0.05,0.05,0.05,171.6167344,3.006896774,0.38626,0.750927924,447.0603005,1.242251869,8.3885
0.3,0.1,0.05,0.05,0.25,0.25,153.162858,3.003442752,0.36862,0.268016862,387.7151204,0.466308624,5.6995
0.3,0.1,0.05,0.15,0.2,0.2,169.8685007,2.824893839,0.37284,0.224493636,475.4477187,0.244187745,6.2555
0.3,0.1,0.05,0.25,0.15,0.15,193.764045,2.692377274,0.37502,0.430036007,563.5524887,0.693003347,6.8115
0.3,0.1,0.05,0.35,0.1,0.1,218.2251187,2.561527412,0.30276,0.250675422,652.5414576,0.995920773,7.3675
0.3,0.1,0.05,0.45,0.05,0.05,252.5227956,2.391557159,0.29648,1.0991223,742.6376844,1.210528158,7.9235
0.3,0.1,0.1,0.1,0.2,0.2,166.4362997,2.850751393,0.30598,0.227405569,440.0733502,0.274752546,6.276
0.3,0.1,0.1,0.2,0.15,0.15,186.6055806,2.752077162,0.35364,0.38973219,528.1946575,0.258531939,6.832
0.3,0.1,0.1,0.3,0.1,0.1,208.050378,2.6247962,0.3107,0.220937827,616.8974882,0.623105193,7.388
0.3,0.1,0.1,0.4,0.05,0.05,245.3653298,2.418605592,0.29778,0.805035115,706.5182764,0.88435753,7.944
0.3,0.1,0.15,0.05,0.2,0.2,163.9068766,2.85946928,0.3624,0.255293788,404.214171,0.781791811,6.2965
0.3,0.1,0.15,0.15,0.15,0.15,175.7678443,2.828401938,0.3596,0.341371566,492.5249613,0.168158197,6.8525
0.3,0.1,0.15,0.25,0.1,0.1,192.4294702,2.741915626,0.32798,0.200078021,581.0699196,0.255916246,7.4085
0.3,0.1,0.15,0.35,0.05,0.05,241.9929914,2.447413439,0.28758,0.61972263,670.315855,0.562584817,7.9645
0.3,0.1,0.2,0.1,0.15,0.15,168.2455677,2.893108314,0.3519,0.369811828,456.5508876,0.585939849,6.873
0.3,0.1,0.2,0.2,0.1,0.1,182.4429805,2.814580944,0.35126,0.184403542,545.063248,0.105156823,7.429
0.3,0.1,0.2,0.3,0.05,0.05,234.4573055,2.509932661,0.33916,0.27538387,634.0324322,0.245445311,7.985
0.3,0.1,0.25,0.05,0.15,0.15,165.6930385,2.928475845,0.37664,0.489943593,420.2789919,0.992355647,6.8935
0.3,0.1,0.25,0.15,0.1,0.1,179.7179386,2.863379734,0.3614,0.178604814,508.8813185,0.459067801,7.4495
0.3,0.1,0.25,0.25,0.05,0.05,208.8189923,2.721816096,0.36022,0.28716376,597.6697353,0.066517731,8.0055
0.3,0.1,0.3,0.1,0.1,0.1,178.8765298,2.83553806,0.32452,0.16955692,472.5277819,0.804081797,7.47
0.3,0.1,0.3,0.2,0.05,0.05,198.6445935,2.814691208,0.34596,0.35401313,561.2293435,0.372436468,8.026
0.3,0.1,0.35,0.05,0.1,0.1,167.6573735,2.91633979,0.37272,0.180728441,436.0066731,1.137547598,7.4905
0.3,0.1,0.35,0.15,0.05,0.05,181.6367582,2.98480851,0.3504,0.38196392,524.7127887,0.671015871,8.0465
0.3,0.1,0.4,0.1,0.05,0.05,168.4588032,3.172424857,0.36354,0.679756652,488.1216726,0.960349462,8.067
0.3,0.1,0.45,0.05,0.05,0.05,170.1357505,3.070036673,0.37776,0.681964872,451.4578624,1.242447969,8.0875
0.35,0.1,0.05,0.1,0.2,0.2,163.9984354,2.882526812,0.36244,0.21040649,444.3380176,0.224363974,5.975
0.35,0.1,0.05,0.2,0.15,0.15,182.036657,2.764448961,0.37746,0.430855687,532.3477927,0.337770585,6.531
0.35,0.1,0.05,0.3,0.1,0.1,204.9442009,2.653060132,0.31134,0.231993562,621.0366485,0.716726291,7.087
0.35,0.1,0.05,0.4,0.05,0.05,237.2312235,2.465166045,0.3103,0.8704075,710.7339986,0.984888201,7.643
0.35,0.1,0.1,0.05,0.2,0.2,159.7990932,2.921000978,0.36212,0.217836526,408.5897089,0.762208855,5.9955
0.35,0.1,0.1,0.15,0.15,0.15,175.4994596,2.853778991,0.40174,0.362543143,496.7753344,0.1119507,6.5515
0.35,0.1,0.1,0.25,0.1,0.1,188.9593493,2.764451167,0.34582,0.214255134,585.2787621,0.331472314,7.1075
0.35,0.1,0.1,0.35,0.05,0.05,237.2256326,2.462043264,0.34488,0.638850515,674.5678371,0.648393567,7.6635
0.35,0.1,0.15,0.1,0.15,0.15,170.4236167,2.893972651,0.37012,0.413541401,460.8824285,0.552850397,6.572
0.35,0.1,0.15,0.2,0.1,0.1,185.5420411,2.795409259,0.37728,0.192503488,549.3325404,0.047483539,7.128
0.35,0.1,0.15,0.3,0.05,0.05,229.0876587,2.530791954,0.3505,0.39155386,638.3165756,0.316803355,7.684
0.35,0.1,0.2,0.05,0.15,0.15,164.940899,2.938876589,0.34074,0.565562322,424.6771185,0.98331332,6.5925
0.35,0.1,0.2,0.15,0.1,0.1,177.337824,2.88105451,0.3876,0.18507796,513.202819,0.419515027,7.1485
0.35,0.1,0.2,0.25,0.05,0.05,210.8664967,2.680488252,0.37594,0.29107928,601.9824046,0.009608096,7.7045
0.35,0.1,0.25,0.1,0.1,0.1,172.7911284,2.902029468,0.32146,0.17898211,476.893811,0.783303804,7.169
0.35,0.1,0.25,0.2,0.05,0.05,187.0314103,2.937923991,0.36414,0.3288048,565.5671996,0.33019731,7.725
0.35,0.1,0.3,0.05,0.1,0.1,165.5466938,2.958585406,0.3339,0.181346088,440.4098117,1.136723937,7.1895
0.35,0.1,0.3,0.15,0.05,0.05,185.9131994,2.958758932,0.3923,0.64589334,529.0727131,0.643942084,7.7455
0.35,0.1,0.35,0.1,0.05,0.05,166.9322588,3.197326823,0.38026,0.796043864,492.5007124,0.949321366,7.766
0.35,0.1,0.4,0.05,0.05,0.05,162.638246,3.257679211,0.33148,0.764557452,455.8531474,1.244098063,7.7865
0.4,0.1,0.05,0.05,0.2,0.2,156.1089663,2.970075463,0.37292,0.303714407,412.9584277,0.740311303,5.6945
0.4,0.1,0.05,0.15,0.15,0.15,168.8417872,2.893270234,0.39508,0.491472591,501.0174453,0.054157775,6.2505
0.4,0.1,0.05,0.25,0.1,0.1,191.0076792,2.755118663,0.3993,0.261175636,589.4803419,0.408463928,6.8065
0.4,0.1,0.05,0.35,0.05,0.05,227.457372,2.52889707,0.32204,0.7300753,678.8152593,0.735719704,7.3625
0.4,0.1,0.1,0.1,0.15,0.15,159.7263645,2.979402723,0.40238,0.493091899,465.2078109,0.518034327,6.271
0.4,0.1,0.1,0.2,0.1,0.1,185.9012165,2.793895391,0.36574,0.24516457,553.5962077,0.011482326,6.827
0.4,0.1,0.1,0.3,0.05,0.05,226.0121805,2.541735073,0.36004,0.402404815,642.597111,0.389409444,7.383
0.4,0.1,0.15,0.05,0.15,0.15,157.1105742,3.035619413,0.3693,0.65118133,429.0703285,0.971824246,6.2915
0.4,0.1,0.15,0.15,0.1,0.1,173.8466187,2.925914377,0.38642,0.214633272,517.5196441,0.378466906,6.8475
0.4,0.1,0.15,0.25,0.05,0.05,203.1372092,2.738772506,0.36644,0.3030751,606.2920529,0.048531883,7.4035
0.4,0.1,0.2,0.1,0.1,0.1,167.9238323,2.971622954,0.29786,0.210173945,481.2558173,0.760558951,6.868
0.4,0.1,0.2,0.2,0.05,0.05,181.2983421,2.953838879,0.40576,0.40675434,569.9024355,0.286578959,7.424
0.4,0.1,0.25,0.05,0.1,0.1,153.340761,3.184954136,0.29578,0.210542091,444.8094578,1.133149577,6.8885
0.4,0.1,0.25,0.15,0.05,0.05,177.7309533,3.060287372,0.35982,0.56505333,533.4302941,0.615161,7.4445
0.4,0.1,0.3,0.1,0.05,0.05,161.5774435,3.278990039,0.34094,0.9963476,496.877591,0.936014726,7.465
0.4,0.1,0.35,0.05,0.05,0.05,157.424568,3.331417378,0.34868,0.890748484,460.2463954,1.247357948,7.4855
0.45,0.1,0.05,0.1,0.15,0.15,160.5699974,2.984053192,0.39658,0.435531546,469.526687,0.481406724,5.97
0.45,0.1,0.05,0.2,0.1,0.1,182.3177676,2.819478905,0.41512,0.246457499,557.8537113,0.071971131,6.526
0.45,0.1,0.05,0.3,0.05,0.05,212.7866362,2.639767261,0.36044,0.6229678,646.8736245,0.463567547,7.082
0.45,0.1,0.1,0.05,0.15,0.15,154.7091988,3.023639368,0.3597,0.527402291,433.4589222,0.958213592,5.9905
0.45,0.1,0.1,0.15,0.1,0.1,167.3423792,2.982509378,0.41018,0.248528059,521.8317831,0.335978627,6.5465
0.45,0.1,0.1,0.25,0.05,0.05,193.1133941,2.834438744,0.38176,0.389265615,610.5985581,0.107978081,7.1025
0.45,0.1,0.15,0.1,0.1,0.1,157.8424152,3.104440296,0.29452,0.226540236,485.6139878,0.736072755,6.567
0.45,0.1,0.15,0.2,0.05,0.05,177.6775852,2.982579693,0.40072,0.38612444,574.235053,0.2416257,7.123
0.45,0.1,0.2,0.05,0.1,0.1,153.0339208,3.189967563,0.26948,0.22001113,449.205897,1.127227333,6.5875
0.45,0.1,0.2,0.15,0.05,0.05,166.759519,3.109738162,0.39806,0.53931046,537.78561,0.584827602,7.1435
0.45,0.1,0.25,0.1,0.05,0.05,157.9799931,3.270128174,0.30454,0.87602897,501.2524502,0.920727473,7.164
0.45,0.1,0.3,0.05,0.05,0.05,154.9134364,3.364625204,0.30798,0.9917368,464.6377999,1.247921171,7.1845
0.5,0.1,0.05,0.05,0.15,0.15,148.2764303,3.127238319,0.3182,0.4800312,437.8426722,0.942464777,5.6895
0.5,0.1,0.05,0.15,0.1,0.1,166.3317671,2.976559731,0.40394,0.339849134,526.1387814,0.291842664,6.2455
0.5,0.1,0.05,0.25,0.05,0.05,188.9498902,2.860467082,0.40172,0.6507559,614.9015496,0.1690216,6.8015
0.5,0.1,0.1,0.1,0.1,0.1,156.8605143,3.0986266,0.3127,0.305584615,489.9683478,0.709941676,6.266
0.5,0.1,0.1,0.2,0.05,0.05,179.6013086,2.997657725,0.4097,0.455853635,578.5649563,0.195283269,6.822
0.5,0.1,0.15,0.05,0.1,0.1,151.5279527,3.2305598,0.30386,0.278128,453.5993232,1.119246526,6.2865
0.5,0.1,0.15,0.15,0.05,0.05,168.4331382,3.117231561,0.40836,0.56646564,542.1386817,0.553020762,6.8425
0.5,0.1,0.2,0.1,0.05,0.05,146.7971247,3.389631331,0.29042,0.87281946,505.6253828,0.903669321,6.863
0.5,0.1,0.25,0.05,0.05,0.05,148.0081067,3.40015075,0.26584,0.93478197,469.0275092,1.246168433,6.8835
0.55,0.1,0.05,0.1,0.1,0.1,158.121433,3.107187895,0.35612,0.338532646,494.3185388,0.681998348,5.965
0.55,0.1,0.05,0.2,0.05,0.05,172.6444041,3.067946412,0.41402,0.7294553,582.891829,0.147286969,6.521
0.55,0.1,0.1,0.05,0.1,0.1,144.8539417,3.281375045,0.30572,0.322513132,457.9897903,1.109356679,5.9855
0.55,0.1,0.1,0.15,0.05,0.05,170.5127542,3.080438947,0.39202,0.580986415,546.4894413,0.519716147,6.5415
0.55,0.1,0.15,0.1,0.05,0.05,155.7693849,3.280518915,0.36222,0.99111646,509.9964278,0.884963055,6.562
0.55,0.1,0.2,0.05,0.05,0.05,138.2130685,3.592421694,0.25582,1.10883536,473.415627,1.242376386,6.5825
0.6,0.1,0.05,0.05,0.1,0.1,137.9260671,3.417099402,0.32146,0.339258895,462.3770403,1.097449474,5.6845
0.6,0.1,0.05,0.15,0.05,0.05,169.0143229,3.109243975,0.4074,0.88414,550.8376334,0.484688951,6.2405
0.6,0.1,0.1,0.1,0.05,0.05,158.9260403,3.245793645,0.36016,0.9908787,514.3655456,0.86462379,6.261
0.6,0.1,0.15,0.05,0.05,0.05,133.5897683,3.7341633,0.25748,1.25192506,477.8022072,1.236722729,6.2815
0.65,0.1,0.05,0.1,0.05,0.05,152.0900699,3.359063037,0.27096,1.008402,518.7325443,0.842479475,5.96
0.65,0.1,0.1,0.05,0.05,0.05,128.2933589,3.768613833,0.25886,0.9838349,482.1872376,1.229272684,5.9805
0.7,0.1,0.05,0.05,0.05,0.05,126.0104932,3.777964403,0.26736,1.0036182,486.5705869,1.219918668,5.6795
0.05,0.15,0.05,0.05,0.35,0.35,167.2235982,2.89578407,0.39484,0.794095341,332.3149924,1.238504508,5.796
0.05,0.15,0.05,0.15,0.3,0.3,175.221549,2.864305736,0.38092,0.787432573,419.0741262,1.556709699,6.352
0.05,0.15,0.05,0.25,0.25,0.25,187.6709185,2.759451023,0.2644,0.659740394,506.5733332,1.727277148,6.908
0.05,0.15,0.05,0.35,0.2,0.2,205.6216341,2.60300007,0.23734,0.687039092,595.0876869,1.832387774,7.464
0.05,0.15,0.05,0.45,0.15,0.15,248.8426427,2.401824472,0.16508,0.972641448,684.7282209,1.903023113,8.02
0.05,0.15,0.05,0.55,0.1,0.1,267.2901889,2.342595808,0.09356,0.199014146,775.5560436,1.953164474,8.576
0.05,0.15,0.05,0.65,0.05,0.05,310.5006706,2.220636239,0.0588,1.7461655,867.6128854,1.989570308,9.132
0.05,0.15,0.1,0.1,0.3,0.3,169.9564207,2.881129264,0.364,0.793316637,384.903289,0.976418663,6.3725
0.05,0.15,0.1,0.2,0.25,0.25,193.0163983,2.694539539,0.28788,0.775526689,472.4641914,1.259037523,6.9285
0.05,0.15,0.1,0.3,0.2,0.2,201.5745309,2.634074707,0.25104,0.913842768,560.7260077,1.44013345,7.4845
0.05,0.15,0.1,0.4,0.15,0.15,234.0326429,2.462669754,0.16984,1.283687196,649.9287896,1.565604561,8.0405
0.05,0.15,0.1,0.5,0.1,0.1,265.8187301,2.33454437,0.10174,0.178016676,740.1965119,1.657163937,8.5965
0.05,0.15,0.1,0.6,0.05,0.05,317.0044508,2.163617197,0.08082,1.622918266,831.6051019,1.72597834,9.1525
0.05,0.15,0.15,0.05,0.3,0.3,167.6784719,2.860062127,0.38074,0.782173475,349.9462885,0.41083124,6.393
0.05,0.15,0.15,0.15,0.25,0.25,184.9264967,2.742323289,0.31132,0.756889807,437.8163959,0.798682011,6.949
0.05,0.15,0.15,0.25,0.2,0.2,198.3594648,2.625006005,0.28084,0.652359428,525.9951953,1.052898067,7.505
0.05,0.15,0.15,0.35,0.15,0.15,223.3263125,2.50755874,0.17098,0.940249992,614.8853118,1.23168503,8.061
0.05,0.15,0.15,0.45,0.1,0.1,258.8320275,2.355495266,0.15688,0.16622632,704.6904881,1.363760554,8.617
0.05,0.15,0.15,0.55,0.05,0.05,301.6447433,2.208216119,0.10252,1.266072,795.5302285,1.464430905,9.173
0.05,0.15,0.2,0.1,0.25,0.25,173.4482947,2.808773435,0.31896,0.585256534,402.6362084,0.348654415,6.9695
0.05,0.15,0.2,0.2,0.2,0.2,200.6072163,2.587185467,0.29846,0.432918119,490.8996237,0.671737172,7.5255
0.05,0.15,0.2,0.3,0.15,0.15,212.5898626,2.544144846,0.2208,0.49869026,579.6007876,0.901827252,8.0815
0.05,0.15,0.2,0.4,0.1,0.1,257.7367576,2.351219177,0.19008,0.157852135,669.0398226,1.07329507,8.6375
0.05,0.15,0.2,0.5,0.05,0.05,298.5388179,2.218694364,0.13572,1.09369923,759.3891081,1.205153162,9.1935
0.05,0.15,0.25,0.05,0.25,0.25,165.6191323,2.856740403,0.37524,0.608570219,366.9307,0.078740824,6.99
0.05,0.15,0.25,0.15,0.2,0.2,199.5289783,2.587810921,0.31008,0.485510088,455.4439163,0.298333837,7.546
0.05,0.15,0.25,0.25,0.15,0.15,207.9143794,2.557675937,0.25618,0.445016612,544.0783105,0.576846164,8.102
0.05,0.15,0.25,0.35,0.1,0.1,245.9866396,2.397274423,0.21558,0.163949531,633.2464028,0.786229964,8.658
0.05,0.15,0.25,0.45,0.05,0.05,283.8451155,2.242174521,0.16972,0.89738792,723.1826092,0.948426757,9.214
0.05,0.15,0.3,0.1,0.2,0.2,181.7108529,2.721316141,0.36236,0.518547054,419.6325914,0.059679263,7.5665
0.05,0.15,0.3,0.2,0.15,0.15,208.0106676,2.562221459,0.25492,0.474306643,508.3208566,0.258028598,8.1225
0.05,0.15,0.3,0.3,0.1,0.1,229.3425418,2.470650148,0.2044,0.167703599,597.3120328,0.503248319,8.6785
0.05,0.15,0.3,0.4,0.05,0.05,272.6361264,2.287991772,0.17222,0.65248192,686.911563,0.694646093,9.2345
0.05,0.15,0.35,0.05,0.2,0.2,174.8088938,2.76845159,0.36828,0.553754189,383.470941,0.399445853,7.587
0.05,0.15,0.35,0.15,0.15,0.15,193.5378436,2.671906968,0.26184,0.493608385,472.3312741,0.050364344,8.143
0.05,0.15,0.35,0.25,0.1,0.1,216.3709756,2.550204871,0.20288,0.185355686,561.238401,0.225383069,8.699
0.05,0.15,0.35,0.35,0.05,0.05,272.3796012,2.287085018,0.17046,0.31404568,650.5767331,0.444386884,9.255
0.05,0.15,0.4,0.1,0.15,0.15,186.9615482,2.701008358,0.24864,0.511753497,436.1127041,0.345192937,8.1635
0.05,0.15,0.4,0.2,0.1,0.1,213.895501,2.560460487,0.22186,0.209855895,525.0271274,0.045672769,8.7195
0.05,0.15,0.4,0.3,0.05,0.05,249.5771401,2.399007411,0.1933,0.17485927,614.1788066,0.198502093,9.2755
0.05,0.15,0.45,0.05,0.15,0.15,184.4657521,2.761157143,0.27944,0.587382102,399.6697927,0.474429395,8.184
0.05,0.15,0.45,0.15,0.1,0.1,199.7508022,2.664068127,0.25856,0.20554681,488.6799397,0.305979832,8.74
0.05,0.15,0.45,0.25,0.05,0.05,217.5995458,2.612613777,0.16498,0.19096083,577.7184076,0.041739092,9.296
0.05,0.15,0.5,0.1,0.1,0.1,193.510907,2.718530152,0.29918,0.221223463,452.199065,0.491870855,8.7605
0.05,0.15,0.5,0.2,0.05,0.05,206.6416716,2.706029525,0.15658,0.31065205,541.1961499,0.274451256,9.3165
0.05,0.15,0.55,0.05,0.1,0.1,184.1216162,2.825814582,0.29622,0.223489707,415.588004,0.727999398,8.781
0.05,0.15,0.55,0.15,0.05,0.05,198.2583419,2.782237068,0.16582,0.58702421,504.612763,0.498907257,9.337
0.05,0.15,0.6,0.1,0.05,0.05,197.8400146,2.80095432,0.2024,0.8372078,467.9693529,0.683590539,9.3575
0.05,0.15,0.65,0.05,0.05,0.05,193.5608261,2.83901956,0.22132,0.8793313,431.2678961,0.89561828,9.378
0.1,0.15,0.05,0.1,0.3,0.3,167.0890263,2.902777331,0.36408,0.445878785,388.8654422,1.099282809,6.0715
0.1,0.15,0.05,0.2,0.25,0.25,178.3000125,2.819367344,0.30682,0.426717486,476.1696555,1.420627657,6.6275
0.1,0.15,0.05,0.3,0.2,0.2,205.698762,2.599123096,0.25306,0.264494515,564.3417495,1.610275006,7.1835
0.1,0.15,0.05,0.4,0.15,0.15,230.9815831,2.470120701,0.169,0.646406993,653.5927329,1.733334094,7.7395
0.1,0.15,0.05,0.5,0.1,0.1,266.6084863,2.342475341,0.10148,0.160517388,744.0165399,1.818430699,8.2955
0.1,0.15,0.05,0.6,0.05,0.05,305.5602889,2.221884685,0.0862,1.723468037,835.6664769,1.879534187,8.8515
0.1,0.15,0.1,0.05,0.3,0.3,162.9277895,2.921923726,0.3762,0.516295535,354.1757765,0.464490817,6.092
0.1,0.15,0.1,0.15,0.25,0.25,176.9615415,2.802322633,0.37934,0.560415066,441.7775018,0.915805587,6.648
0.1,0.15,0.1,0.25,0.2,0.2,193.3233004,2.683567195,0.26132,0.639616669,529.8192434,1.191829672,7.204
0.1,0.15,0.1,0.35,0.15,0.15,223.5871178,2.493723854,0.17354,1.00121937,618.7026832,1.376237411,7.76
0.1,0.15,0.1,0.45,0.1,0.1,254.3246066,2.372704425,0.15156,0.176457953,708.6097867,1.507076733,8.316
0.1,0.15,0.1,0.55,0.05,0.05,298.2086627,2.224951646,0.1102,1.520639803,799.6397605,1.603558823,8.872
0.1,0.15,0.15,0.1,0.25,0.25,167.2155924,2.88127566,0.37,0.467996177,406.8041933,0.421020632,6.6685
0.1,0.15,0.15,0.2,0.2,0.2,193.7131944,2.647644547,0.30588,0.310234776,494.902885,0.779575392,7.2245
0.1,0.15,0.15,0.3,0.15,0.15,208.0909189,2.600982304,0.22422,0.531199868,583.5543743,1.023359657,7.7805
0.1,0.15,0.15,0.4,0.1,0.1,252.2604369,2.359479346,0.17714,0.164256011,673.0489536,1.19880566,8.3365
0.1,0.15,0.15,0.5,0.05,0.05,294.0655952,2.227776125,0.12832,1.2082819,763.5427648,1.330000123,8.8925
0.1,0.15,0.2,0.05,0.25,0.25,164.2411665,2.873886601,0.34974,0.444436121,371.2591631,0.058562696,6.689
0.1,0.15,0.2,0.15,0.2,0.2,196.4889176,2.616109232,0.323,0.281756632,459.5986894,0.374751159,7.245
0.1,0.15,0.2,0.25,0.15,0.15,204.8751112,2.578346978,0.2526,0.356961373,548.1516411,0.675349203,7.801
0.1,0.15,0.2,0.35,0.1,0.1,243.537489,2.404305349,0.18052,0.158317564,637.3362988,0.894004599,8.357
0.1,0.15,0.2,0.45,0.05,0.05,279.9416225,2.261632741,0.16712,1.02616034,727.3765075,1.059100862,8.913
0.1,0.15,0.25,0.1,0.2,0.2,173.4253991,2.779779772,0.34348,0.27317425,423.9126942,0.019496385,7.2655
0.1,0.15,0.25,0.2,0.15,0.15,204.4669781,2.573125825,0.27358,0.25335985,512.4983565,0.333185754,7.8215
0.1,0.15,0.25,0.3,0.1,0.1,234.8517564,2.446281476,0.2322,0.155623081,601.4740922,0.593218788,8.3775
0.1,0.15,0.25,0.4,0.05,0.05,263.4139121,2.321753946,0.17338,0.820743,691.1420101,0.791185458,8.9335
0.1,0.15,0.3,0.05,0.2,0.2,167.2880938,2.827384169,0.36228,0.326897376,387.8510235,0.395418568,7.286
0.1,0.15,0.3,0.15,0.15,0.15,193.4308692,2.675731807,0.2827,0.260394854,476.5982105,0.001516168,7.842
0.1,0.15,0.3,0.25,0.1,0.1,221.7640739,2.52108357,0.23212,0.151349922,565.464497,0.297271603,8.398
0.1,0.15,0.3,0.35,0.05,0.05,266.762872,2.312776709,0.17076,0.49917278,654.8402409,0.526722018,8.954
0.1,0.15,0.35,0.1,0.15,0.15,180.3323813,2.744953021,0.29922,0.28634655,440.4549238,0.322448075,7.8625
0.1,0.15,0.35,0.2,0.1,0.1,213.6943758,2.566209319,0.24066,0.146990113,529.3095753,0.007421534,8.4185
0.1,0.15,0.35,0.3,0.05,0.05,250.1487939,2.412481459,0.19692,0.215453896,618.472098,0.266399372,8.9745
0.1,0.15,0.4,0.05,0.15,0.15,176.578406,2.796441344,0.32062,0.430888062,404.0731918,0.624556468,7.883
0.1,0.15,0.4,0.15,0.1,0.1,195.7200098,2.718496621,0.2534,0.138294536,493.0114191,0.273552041,8.439
0.1,0.15,0.4,0.25,0.05,0.05,229.6578219,2.51087683,0.2157,0.192973204,582.0384174,0.011237508,8.995
0.1,0.15,0.45,0.1,0.1,0.1,182.2994657,2.807446555,0.30008,0.140004714,456.5724674,0.543536194,8.4595
0.1,0.15,0.45,0.2,0.05,0.05,206.3355157,2.7216186,0.17282,0.172277812,545.5400103,0.237250456,9.0155
0.1,0.15,0.5,0.05,0.1,0.1,177.0829874,2.880150504,0.2992,0.148391718,419.9961182,0.736512987,8.48
0.1,0.15,0.5,0.15,0.05,0.05,193.9089974,2.85247571,0.16378,0.384570684,508.9777556,0.476825516,9.036
0.1,0.15,0.55,0.1,0.05,0.05,188.6574907,2.889549388,0.22656,0.7154643,472.3527954,0.677351452,9.0565
0.1,0.15,0.6,0.05,0.05,0.05,191.9666785,2.858756488,0.22822,0.8158085,435.6669192,0.910443262,9.077
0.15,0.15,0.05,0.05,0.3,0.3,161.8152115,2.94493636,0.38074,0.378272759,358.389749,0.521473791,5.791
0.15,0.15,0.05,0.15,0.25,0.25,177.3395283,2.798031723,0.38762,0.388175267,445.717553,1.034718743,6.347
0.15,0.15,0.05,0.25,0.2,0.2,197.1904651,2.646543325,0.27522,0.247221476,533.6229095,1.332238507,6.903
0.15,0.15,0.05,0.35,0.15,0.15,219.6960695,2.519760921,0.22236,0.595565579,622.5029052,1.522143513,7.459
0.15,0.15,0.05,0.45,0.1,0.1,261.9968479,2.352649172,0.17858,0.165054142,712.5165597,1.651697666,8.015
0.15,0.15,0.05,0.55,0.05,0.05,295.2604377,2.247886106,0.08818,1.589176837,803.7423602,1.744067271,8.571
0.15,0.15,0.1,0.1,0.25,0.25,171.0322378,2.840823376,0.38884,0.407828722,410.9567819,0.495647255,6.3675
0.15,0.15,0.1,0.2,0.2,0.2,190.760069,2.684485855,0.31422,0.335667878,498.889973,0.888865576,6.9235
0.15,0.15,0.1,0.3,0.15,0.15,210.5957757,2.571431137,0.24986,0.727262688,587.4938214,1.146118372,7.4795
0.15,0.15,0.1,0.4,0.1,0.1,249.717798,2.383942332,0.20972,0.167703024,677.0475183,1.325468913,8.0355
0.15,0.15,0.1,0.5,0.05,0.05,292.4129866,2.244535622,0.1285,1.437328166,767.6905024,1.456039939,8.5915
0.15,0.15,0.15,0.05,0.25,0.25,164.6037294,2.892727168,0.3938,0.409938844,375.5762782,0.030995245,6.388
0.15,0.15,0.15,0.15,0.2,0.2,192.9339758,2.653793746,0.3369,0.238839808,463.7404205,0.4529704,6.944
0.15,0.15,0.15,0.25,0.15,0.15,197.6078982,2.655297989,0.25952,0.368787329,552.2132178,0.77511317,7.5
0.15,0.15,0.15,0.35,0.1,0.1,256.2467633,2.331571396,0.24178,0.171256629,641.4172465,1.002867583,8.056
0.15,0.15,0.15,0.45,0.05,0.05,281.0824886,2.257140217,0.17692,1.1150766,731.5653398,1.170843004,8.612
0.15,0.15,0.2,0.1,0.2,0.2,166.2265482,2.833980156,0.3491,0.184193743,428.1819896,0.026038237,6.9645
0.15,0.15,0.2,0.2,0.15,0.15,199.3646069,2.61022454,0.3559,0.209347398,516.6658956,0.409857372,7.5205
0.15,0.15,0.2,0.3,0.1,0.1,232.6127497,2.461818021,0.24682,0.16033448,605.6284891,0.684319249,8.0765
0.15,0.15,0.2,0.4,0.05,0.05,262.9336014,2.328513002,0.17304,0.90609395,695.3680946,0.888730109,8.6325
0.15,0.15,0.25,0.05,0.2,0.2,165.8765858,2.848153601,0.36328,0.235399977,392.2221287,0.386853716,6.985
0.15,0.15,0.25,0.15,0.15,0.15,192.297463,2.68333406,0.31958,0.193999096,480.8564994,0.051555559,7.541
0.15,0.15,0.25,0.25,0.1,0.1,214.6638312,2.557234523,0.23702,0.158384161,569.6839217,0.37046634,8.097
0.15,0.15,0.25,0.35,0.05,0.05,256.0905831,2.349941473,0.1699,0.59759728,659.0999514,0.610074126,8.653
0.15,0.15,0.3,0.1,0.15,0.15,181.8365536,2.777393675,0.3308,0.220663836,444.7894861,0.296941484,7.5615
0.15,0.15,0.3,0.2,0.1,0.1,204.2518454,2.618928207,0.29172,0.144505191,533.5860826,0.06230656,8.1175
0.15,0.15,0.3,0.3,0.05,0.05,258.6304683,2.339347672,0.18882,0.31686843,622.7620239,0.335429165,8.6735
0.15,0.15,0.35,0.05,0.15,0.15,170.7306603,2.848173686,0.38904,0.407294113,408.4698105,0.631000839,7.582
0.15,0.15,0.35,0.15,0.1,0.1,199.2167911,2.65996124,0.3231,0.13856056,497.33746,0.238620854,8.138
0.15,0.15,0.35,0.25,0.05,0.05,246.0632496,2.422690997,0.25284,0.18697105,586.3553591,0.065615705,8.694
0.15,0.15,0.4,0.1,0.1,0.1,175.4468738,2.870365686,0.3274,0.13241209,460.9407559,0.529406854,8.1585
0.15,0.15,0.4,0.2,0.05,0.05,219.7958662,2.571257954,0.25942,0.137988256,549.8809677,0.198152119,8.7145
0.15,0.15,0.45,0.05,0.1,0.1,170.9108904,2.921999704,0.32386,0.141178504,424.3993907,0.808302126,8.179
0.15,0.15,0.45,0.15,0.05,0.05,195.5895205,2.799253816,0.21248,0.213331154,513.3398946,0.454077653,8.735
0.15,0.15,0.5,0.1,0.05,0.05,186.9436985,2.917661476,0.30056,0.51112094,476.7333659,0.700098506,8.7555
0.15,0.15,0.55,0.05,0.05,0.05,187.4652671,2.915068262,0.29282,0.7178414,440.0630843,0.92121177,8.776
0.2,0.15,0.05,0.1,0.25,0.25,165.6994819,2.893923343,0.38876,0.347225109,415.0942533,0.572246371,6.0665
0.2,0.15,0.05,0.2,0.2,0.2,180.7926277,2.761461778,0.35806,0.260500624,502.860592,0.999617953,6.6225
0.2,0.15,0.05,0.3,0.15,0.15,208.7725084,2.583261546,0.30428,0.481623212,591.4186773,1.270191106,7.1785
0.2,0.15,0.05,0.4,0.1,0.1,234.9646354,2.453138267,0.23628,0.165438801,681.0350863,1.453408049,7.7345
0.2,0.15,0.05,0.5,0.05,0.05,284.9421127,2.277346241,0.12814,1.5572176,771.8320029,1.58345205,8.2905
0.2,0.15,0.1,0.05,0.25,0.25,165.1231172,2.894799819,0.39298,0.376976373,379.8834082,0.001488459,6.087
0.2,0.15,0.1,0.15,0.2,0.2,179.5558943,2.753134078,0.39488,0.25025764,467.8695583,0.532723068,6.643
0.2,0.15,0.1,0.25,0.15,0.15,193.0469428,2.696297038,0.29842,0.519978882,556.2630456,0.876080109,7.199
0.2,0.15,0.1,0.35,0.1,0.1,240.1707802,2.423611693,0.23818,0.172697781,645.4890863,1.11284498,7.755
0.2,0.15,0.1,0.45,0.05,0.05,277.6296096,2.26410844,0.17362,1.371306266,735.7489316,1.283747647,8.311
0.2,0.15,0.15,0.1,0.2,0.2,170.3342132,2.808954186,0.3935,0.222181702,432.4413678,0.074698589,6.6635
0.2,0.15,0.15,0.2,0.15,0.15,192.0618049,2.68436915,0.37772,0.287363908,520.8237758,0.48785608,7.2195
0.2,0.15,0.15,0.3,0.1,0.1,241.6628016,2.419252343,0.2708,0.172308112,609.7752388,0.77650499,7.7755
0.2,0.15,0.15,0.4,0.05,0.05,269.4416167,2.28895667,0.19296,1.0321276,699.5897307,0.987324055,8.3315
0.2,0.15,0.2,0.05,0.2,0.2,164.3905627,2.850502396,0.38162,0.218236563,396.5853365,0.372518407,6.684
0.2,0.15,0.2,0.15,0.15,0.15,188.1388121,2.718465599,0.4082,0.190676567,485.1066436,0.106357209,7.24
0.2,0.15,0.2,0.25,0.1,0.1,214.2323374,2.560647615,0.27822,0.162891411,573.8968146,0.444852519,7.796
0.2,0.15,0.2,0.35,0.05,0.05,263.7420158,2.305896039,0.23002,0.64938521,663.3558435,0.694443384,8.352
0.2,0.15,0.25,0.1,0.15,0.15,177.7442279,2.813597525,0.40652,0.213224712,449.117043,0.266881499,7.2605
0.2,0.15,0.25,0.2,0.1,0.1,204.9450585,2.624009681,0.31482,0.151609633,537.8568972,0.118653163,7.8165
0.2,0.15,0.25,0.3,0.05,0.05,243.1011702,2.420682183,0.3092,0.32199974,627.0486228,0.405535761,8.3725
0.2,0.15,0.3,0.05,0.15,0.15,168.3902186,2.879355178,0.39754,0.394947949,412.8604196,0.628652343,7.281
0.2,0.15,0.3,0.15,0.1,0.1,195.3570097,2.68627221,0.3504,0.13546144,501.6584253,0.20087436,7.837
0.2,0.15,0.3,0.25,0.05,0.05,240.808813,2.440207695,0.32204,0.3275762,590.6693365,0.121256138,8.393
0.2,0.15,0.35,0.1,0.1,0.1,179.6105525,2.802277755,0.36106,0.137174217,465.3044151,0.511844556,7.8575
0.2,0.15,0.35,0.2,0.05,0.05,226.9650047,2.526035429,0.29042,0.25391261,554.219199,0.157421801,8.4135
0.2,0.15,0.4,0.05,0.1,0.1,169.9575199,2.911281077,0.40056,0.138432887,428.798399,0.811395361,7.878
0.2,0.15,0.4,0.15,0.05,0.05,198.8484406,2.786080571,0.28918,0.33888021,517.699432,0.429058277,8.434
0.2,0.15,0.45,0.1,0.05,0.05,183.0115491,2.921135264,0.38014,0.56046504,481.1113789,0.691527797,8.4545
0.2,0.15,0.5,0.05,0.05,0.05,183.274706,2.935958887,0.3581,0.639360024,444.4567317,0.948966977,8.475
0.25,0.15,0.05,0.05,0.25,0.25,162.4014778,2.931190164,0.37356,0.332538109,384.1809363,0.036415664,5.786
0.25,0.15,0.05,0.15,0.2,0.2,173.2107804,2.814544611,0.34216,0.271256751,471.9857807,0.614026548,6.342
0.25,0.15,0.05,0.25,0.15,0.15,199.3223128,2.646531578,0.34052,0.4827078,560.3005914,0.978373828,6.898
0.25,0.15,0.05,0.35,0.1,0.1,222.7273278,2.520731654,0.26184,0.235654861,649.551311,1.224100252,7.454
0.25,0.15,0.05,0.45,0.05,0.05,269.397562,2.30260371,0.24068,1.3609178,739.9269223,1.398032978,8.01
0.25,0.15,0.1,0.1,0.2,0.2,173.186181,2.799166531,0.33824,0.198599413,436.6913653,0.125131468,6.3625
0.25,0.15,0.1,0.2,0.15,0.15,188.4516965,2.732897537,0.38062,0.374917428,524.9720447,0.567099748,6.9185
0.25,0.15,0.1,0.3,0.1,0.1,211.914796,2.589456822,0.2868,0.199503382,613.9141927,0.86980077,7.4745
0.25,0.15,0.1,0.4,0.05,0.05,260.6903917,2.336991292,0.2663,1.069186915,703.8067439,1.087068294,8.0305
0.25,0.15,0.15,0.05,0.2,0.2,166.0035768,2.837478519,0.36486,0.239047596,400.941539,0.35332712,6.383
0.25,0.15,0.15,0.15,0.15,0.15,183.7423974,2.753051917,0.37514,0.341790713,489.3489991,0.16264236,6.939
0.25,0.15,0.15,0.25,0.1,0.1,206.353995,2.632690279,0.3169,0.191870507,578.1032224,0.520363951,7.495
0.25,0.15,0.15,0.35,0.05,0.05,254.6271337,2.365479364,0.28324,0.69192607,667.607844,0.779865936,8.051
0.25,0.15,0.2,0.1,0.15,0.15,176.707943,2.792783025,0.41244,0.324654384,453.4381253,0.233975074,6.9595
0.25,0.15,0.2,0.2,0.1,0.1,196.4172575,2.70241336,0.34628,0.176570864,542.1221925,0.176307518,7.5155
0.25,0.15,0.2,0.3,0.05,0.05,245.5310236,2.419011098,0.31696,0.23521733,631.3318911,0.476700008,8.0715
0.25,0.15,0.25,0.05,0.15,0.15,167.5550275,2.886068781,0.36164,0.44324584,417.2456533,0.620739943,6.98
0.25,0.15,0.25,0.15,0.1,0.1,194.7541868,2.688540714,0.34884,0.167325958,505.974593,0.161440378,7.536
0.25,0.15,0.25,0.25,0.05,0.05,227.6006406,2.514048219,0.33878,0.2194112,594.9804083,0.178069942,8.092
0.25,0.15,0.3,0.1,0.1,0.1,185.2582641,2.776832166,0.34888,0.161219019,469.6638281,0.491382974,7.5565
0.25,0.15,0.3,0.2,0.05,0.05,217.5496975,2.579547019,0.34252,0.21231902,558.5548289,0.115250974,8.1125
0.25,0.15,0.35,0.05,0.1,0.1,175.9871002,2.844670987,0.38542,0.169332582,433.1936191,0.811217201,7.577
0.25,0.15,0.35,0.15,0.05,0.05,208.1202802,2.659606011,0.346,0.28949373,522.0565621,0.402110914,8.133
0.25,0.15,0.4,0.1,0.05,0.05,183.4186211,2.956306941,0.36204,0.52391728,485.4870922,0.680808105,8.1535
0.25,0.15,0.45,0.05,0.05,0.05,175.6952157,2.983419377,0.39358,0.5104504,448.8481562,0.948837244,8.174
0.3,0.15,0.05,0.1,0.2,0.2,165.7194945,2.884859776,0.36622,0.229728679,440.931722,0.177324506,6.0615
0.3,0.15,0.05,0.2,0.15,0.15,192.3368628,2.689671509,0.38462,0.441969182,529.1101447,0.647735408,6.6175
0.3,0.15,0.05,0.3,0.1,0.1,215.6316945,2.554863872,0.32324,0.22180125,618.0447964,0.964404491,7.1735
0.3,0.15,0.05,0.4,0.05,0.05,260.4455505,2.334815525,0.31116,1.0341668,708.0187449,1.188214715,7.7295
0.3,0.15,0.1,0.05,0.2,0.2,163.8871742,2.863325072,0.35752,0.220384901,405.2913218,0.331923615,6.082
0.3,0.15,0.1,0.15,0.15,0.15,180.9473971,2.777469128,0.37188,0.371885188,493.5836652,0.220291077,6.638
0.3,0.15,0.1,0.25,0.1,0.1,202.3226196,2.64810377,0.3216,0.205836868,582.3030174,0.597018072,7.194
0.3,0.15,0.1,0.35,0.05,0.05,245.8378197,2.415573527,0.3148,0.712377675,671.8557847,0.866445473,7.75
0.3,0.15,0.15,0.1,0.15,0.15,178.9412209,2.781260413,0.38342,0.409134654,457.7531224,0.199321859,6.6585
0.3,0.15,0.15,0.2,0.1,0.1,191.6754351,2.726029891,0.34582,0.1866818,546.3820457,0.235175594,7.2145
0.3,0.15,0.15,0.3,0.05,0.05,239.3721808,2.461185264,0.3302,0.42325682,635.6117705,0.548946435,7.7705
0.3,0.15,0.2,0.05,0.15,0.15,171.0659395,2.849259632,0.34348,0.530985224,421.6260295,0.609766958,6.679
0.3,0.15,0.2,0.15,0.1,0.1,188.2092511,2.754480456,0.36596,0.181334154,510.2861631,0.12052036,7.235
0.3,0.15,0.2,0.25,0.05,0.05,231.1430937,2.507814138,0.33768,0.23896268,599.2885886,0.236013632,7.791
0.3,0.15,0.25,0.1,0.1,0.1,183.5901597,2.798989009,0.32566,0.173843574,474.019291,0.468927869,7.2555
0.3,0.15,0.25,0.2,0.05,0.05,218.5126323,2.597108083,0.3571,0.15720033,562.887935,0.071769086,7.8115
0.3,0.15,0.3,0.05,0.1,0.1,179.2218305,2.829245278,0.37648,0.174797299,437.5854327,0.808209819,7.276
0.3,0.15,0.3,0.15,0.05,0.05,204.7776229,2.707224311,0.34798,0.36796034,526.4114271,0.373489912,7.832
0.3,0.15,0.35,0.1,0.05,0.05,184.1064229,2.938052821,0.36252,0.541461004,489.8607098,0.667790098,7.8525
0.3,0.15,0.4,0.05,0.05,0.05,166.6474792,3.162697041,0.38834,0.528992552,453.2376061,0.95266394,7.873
0.35,0.15,0.05,0.05,0.2,0.2,157.8767718,2.938458474,0.36142,0.215254164,409.6345362,0.308395446,5.781
0.35,0.15,0.05,0.15,0.15,0.15,175.4183053,2.815517425,0.37748,0.425886105,497.8101165,0.279454949,6.337
0.35,0.15,0.05,0.25,0.1,0.1,200.7510333,2.65381124,0.35292,0.204143394,586.4956328,0.675037272,6.893
0.35,0.15,0.05,0.35,0.05,0.05,246.1352422,2.413738145,0.31302,0.8065979,676.0992647,0.954459256,7.449
0.35,0.15,0.1,0.1,0.15,0.15,167.7373885,2.901873193,0.38864,0.412503734,462.0621827,0.163095077,6.3575
0.35,0.15,0.1,0.2,0.1,0.1,195.4179617,2.70407197,0.38024,0.196219511,550.6363575,0.295260265,6.9135
0.35,0.15,0.1,0.3,0.05,0.05,230.8279013,2.509360569,0.34578,0.486662985,639.8881044,0.622376557,7.4695
0.35,0.15,0.15,0.05,0.15,0.15,167.8364606,2.887652298,0.36132,0.582680488,426.0019392,0.596659765,6.378
0.35,0.15,0.15,0.15,0.1,0.1,183.2104183,2.819362671,0.35516,0.185897682,514.593239,0.078243619,6.934
0.35,0.15,0.15,0.25,0.05,0.05,221.0499593,2.566398486,0.34814,0.39946214,603.5938353,0.295095527,7.49
0.35,0.15,0.2,0.1,0.1,0.1,177.0930293,2.86482065,0.31796,0.180594095,478.3710199,0.444738947,6.9545
0.35,0.15,0.2,0.2,0.05,0.05,213.5527149,2.643641262,0.36054,0.20474696,567.2185487,0.027050087,7.5105
0.35,0.15,0.25,0.05,0.1,0.1,176.297542,2.894920967,0.30176,0.179138805,441.9741378,0.802812084,6.975
0.35,0.15,0.25,0.15,0.05,0.05,194.411101,2.826581045,0.37182,0.34735145,530.7641213,0.343374229,7.531
0.35,0.15,0.3,0.1,0.05,0.05,172.6274528,3.069916799,0.38726,0.70700854,494.2323856,0.652803488,7.5515
0.35,0.15,0.35,0.05,0.05,0.05,164.0149132,3.222375006,0.35584,0.642944764,457.6252833,0.953738534,7.572
0.4,0.15,0.05,0.1,0.15,0.15,164.0682683,2.934187687,0.39372,0.522723864,466.3648569,0.125161159,6.0565
0.4,0.15,0.05,0.2,0.1,0.1,192.8870602,2.717963071,0.39564,0.249081537,554.8845838,0.356795237,6.6125
0.4,0.15,0.05,0.3,0.05,0.05,238.1343782,2.455971929,0.34558,0.64468307,644.1604987,0.697282174,7.1685
0.4,0.15,0.1,0.05,0.15,0.15,160.9121745,2.964485717,0.37426,0.605365637,430.3735616,0.581661347,6.077
0.4,0.15,0.1,0.15,0.1,0.1,179.7745273,2.849792972,0.40582,0.241651413,518.8957544,0.034630143,6.633
0.4,0.15,0.1,0.25,0.05,0.05,219.6488744,2.610497403,0.3617,0.399661085,607.8960088,0.35540917,7.189
0.4,0.15,0.15,0.1,0.1,0.1,169.8183994,2.923168869,0.28636,0.218243805,482.7191382,0.418989613,6.6535
0.4,0.15,0.15,0.2,0.05,0.05,209.9123934,2.663966008,0.3686,0.30032996,571.546645,0.018892565,7.2095
0.4,0.15,0.2,0.05,0.1,0.1,163.2399602,3.025333651,0.32404,0.208458325,446.3599544,0.795355471,6.674
0.4,0.15,0.2,0.15,0.05,0.05,176.4828787,2.998216332,0.37418,0.39758486,535.1146922,0.311875755,7.23
0.4,0.15,0.25,0.1,0.05,0.05,170.8984935,3.102012725,0.36156,0.64408572,498.6022269,0.636087329,7.2505
0.4,0.15,0.3,0.05,0.05,0.05,159.5150571,3.274753643,0.32792,0.7915904,462.0113451,0.952480228,7.271
0.45,0.15,0.05,0.05,0.15,0.15,160.5225181,2.976181358,0.39014,0.528687232,434.7405475,0.564681137,5.776
0.45,0.15,0.05,0.15,0.1,0.1,171.5811715,2.905899922,0.40878,0.243204792,523.1932175,0.010549534,6.332
0.45,0.15,0.05,0.25,0.05,0.05,205.1606286,2.706303817,0.36344,0.65682087,612.1947388,0.41724838,6.888
0.45,0.15,0.1,0.1,0.1,0.1,165.3509806,2.969644587,0.34312,0.245971469,487.0636118,0.391732104,6.3525
0.45,0.15,0.1,0.2,0.05,0.05,189.2328268,2.871658532,0.40182,0.388060625,575.8721054,0.066137745,6.9085
0.45,0.15,0.15,0.05,0.1,0.1,162.1927049,3.053937977,0.27866,0.223023705,450.7430154,0.786068278,6.373
0.45,0.15,0.15,0.15,0.05,0.05,170.5100291,3.045574323,0.37484,0.40634106,539.463132,0.279036439,6.929
0.45,0.15,0.2,0.1,0.05,0.05,161.5151037,3.159521729,0.31152,0.61848424,502.9702949,0.61780046,6.9495
0.45,0.15,0.25,0.05,0.05,0.05,158.4473856,3.248759545,0.31198,0.66312706,466.3959057,0.949200414,6.97
0.5,0.15,0.05,0.1,0.1,0.1,158.8042743,3.055177329,0.36976,0.342730633,491.4040239,0.362758529,6.0515
0.5,0.15,0.05,0.2,0.05,0.05,183.1988427,2.921869453,0.41654,0.68123085,580.1945979,0.114967838,6.6075
0.5,0.15,0.1,0.05,0.1,0.1,159.5958638,3.07360026,0.32694,0.319302298,455.1233154,0.775045793,6.072
0.5,0.15,0.1,0.15,0.05,0.05,167.8524227,3.109928533,0.40614,0.463179935,543.8093462,0.244799725,6.628
0.5,0.15,0.15,0.1,0.05,0.05,159.4518709,3.194046203,0.3333,0.63422426,507.3365984,0.598021406,6.6485
0.5,0.15,0.2,0.05,0.05,0.05,154.5713354,3.285584031,0.30522,0.68427272,470.7790364,0.944115525,6.669
0.55,0.15,0.05,0.05,0.1,0.1,153.1541536,3.142458785,0.32044,0.342769746,459.5005247,0.762120404,5.771
0.55,0.15,0.05,0.15,0.05,0.05,175.9589502,3.017568751,0.41122,0.7437527,548.1530517,0.20890839,6.327
0.55,0.15,0.1,0.1,0.05,0.05,166.035235,3.126812874,0.38256,0.6964261,511.7010686,0.576724579,6.3475
0.55,0.15,0.15,0.05,0.05,0.05,153.7078137,3.30585735,0.3222,0.89969176,475.1607608,0.937350225,6.368
0.6,0.15,0.05,0.1,0.05,0.05,172.171707,3.053144288,0.40538,0.9919784,516.063477,0.553691358,6.0465
0.6,0.15,0.1,0.05,0.05,0.05,157.2802343,3.267771709,0.27468,0.9451312,479.5410348,0.928919585,6.067
0.65,0.15,0.05,0.05,0.05,0.05,140.3968347,3.56554137,0.2425,0.9871946,483.9196865,0.918656251,5.766
0.05,0.2,0.05,0.1,0.3,0.3,170.6059773,2.8836436,0.3721,0.786593513,385.1910685,1.584912981,6.158
0.05,0.2,0.05,0.2,0.25,0.25,186.9485789,2.755339755,0.28538,0.71386246,472.5984124,1.754526801,6.714
0.05,0.2,0.05,0.3,0.2,0.2,200.3257109,2.642375923,0.2553,0.636942791,560.977948,1.857497596,7.27
0.05,0.2,0.05,0.4,0.15,0.15,235.1206495,2.453824789,0.17078,0.944416545,650.4638739,1.92591325,7.826
0.05,0.2,0.05,0.5,0.1,0.1,270.1472613,2.317616298,0.09216,0.158450117,741.1263464,1.974010406,8.382
0.05,0.2,0.05,0.6,0.05,0.05,306.0126884,2.218005594,0.07894,1.804113,833.0111068,2.008590955,8.938
0.05,0.2,0.1,0.05,0.3,0.3,167.9897776,2.882163228,0.38198,0.802716252,350.6363696,1.025099794,6.1785
0.05,0.2,0.1,0.15,0.25,0.25,182.4469346,2.76916127,0.3008,0.807221676,438.219339,1.29967729,6.7345
0.05,0.2,0.1,0.25,0.2,0.2,198.3983621,2.646442118,0.27702,0.928691645,526.4290104,1.474691224,7.2905
0.05,0.2,0.1,0.35,0.15,0.15,223.458833,2.491605654,0.1796,1.266676113,615.540057,1.595546411,7.8465
0.05,0.2,0.1,0.45,0.1,0.1,267.2092648,2.300958165,0.14208,0.187303516,705.6920935,1.683517073,8.4025
0.05,0.2,0.1,0.55,0.05,0.05,291.7622986,2.242566827,0.08268,1.663447,796.9691072,1.749501041,8.9585
0.05,0.2,0.15,0.1,0.25,0.25,169.7488437,2.847417853,0.29622,0.769213695,403.3220422,0.852031634,6.755
0.05,0.2,0.15,0.2,0.2,0.2,199.8615303,2.595959572,0.29138,0.662801581,491.5231935,1.096467976,7.311
0.05,0.2,0.15,0.3,0.15,0.15,225.0191988,2.48119959,0.22374,0.871805054,580.3794771,1.268387959,7.867
0.05,0.2,0.15,0.4,0.1,0.1,265.0699894,2.294589499,0.16018,0.169706734,670.1153732,1.395410198,8.423
0.05,0.2,0.15,0.5,0.05,0.05,294.4823587,2.216003814,0.08134,1.2885635,760.8617777,1.492272056,8.979
0.05,0.2,0.2,0.05,0.25,0.25,172.2167956,2.820082213,0.34564,0.58855373,367.9117665,0.416391879,6.7755
0.05,0.2,0.2,0.15,0.2,0.2,199.0240509,2.584575083,0.31242,0.462247448,456.2641363,0.724057864,7.3315
0.05,0.2,0.2,0.25,0.15,0.15,216.4436651,2.507003788,0.23548,0.513113404,544.984732,0.945067344,7.8875
0.05,0.2,0.2,0.35,0.1,0.1,249.7679406,2.357134559,0.21014,0.162739751,634.3978259,1.110064373,8.4435
0.05,0.2,0.2,0.45,0.05,0.05,290.9060064,2.213883457,0.1458,1.10669909,724.6898613,1.237156223,8.9995
0.05,0.2,0.25,0.1,0.2,0.2,199.2860166,2.592242457,0.37006,0.466273346,420.6560647,0.36080907,7.352
0.05,0.2,0.25,0.2,0.15,0.15,206.9014445,2.556792504,0.24714,0.500511381,509.358574,0.626505261,7.908
0.05,0.2,0.25,0.3,0.1,0.1,249.8666775,2.359138648,0.19984,0.170668442,598.5411518,0.827985358,8.464
0.05,0.2,0.25,0.4,0.05,0.05,279.3707714,2.247417445,0.16668,0.91047862,688.4541412,0.984460032,9.02
0.05,0.2,0.3,0.05,0.2,0.2,183.5334082,2.691136007,0.35906,0.528071811,384.7041125,0.012420087,7.3725
0.05,0.2,0.3,0.15,0.15,0.15,215.5217741,2.496198888,0.24994,0.550339128,473.5038726,0.314975208,7.9285
0.05,0.2,0.3,0.25,0.1,0.1,228.1833621,2.467868968,0.21126,0.194993951,562.5470411,0.549908861,8.4845
0.05,0.2,0.3,0.35,0.05,0.05,272.5247846,2.274957446,0.17318,0.54951621,652.1553911,0.734599957,9.0405
0.05,0.2,0.35,0.1,0.15,0.15,190.1521458,2.656383953,0.2502,0.542342486,437.4237974,0.014661927,7.949
0.05,0.2,0.35,0.2,0.1,0.1,229.2936519,2.445350375,0.2267,0.235198458,526.4171771,0.277283602,8.505
0.05,0.2,0.35,0.3,0.05,0.05,275.0658033,2.26016183,0.19604,0.30526554,615.7943489,0.488175272,9.061
0.05,0.2,0.4,0.05,0.15,0.15,186.9828694,2.674021845,0.28606,0.570301034,401.1224635,0.272897745,7.9695
0.05,0.2,0.4,0.15,0.1,0.1,219.9058607,2.519812105,0.24614,0.218996501,490.1533331,0.013285376,8.5255
0.05,0.2,0.4,0.25,0.05,0.05,234.2358055,2.478132531,0.16788,0.25948036,579.3717137,0.246070829,9.0815
0.05,0.2,0.45,0.1,0.1,0.1,195.7129083,2.670163899,0.29582,0.236391923,453.7576206,0.24138922,8.546
0.05,0.2,0.45,0.2,0.05,0.05,220.3447743,2.551272361,0.16134,0.24378196,542.8881726,0.010456108,9.102
0.05,0.2,0.5,0.05,0.1,0.1,196.4430787,2.673580912,0.27588,0.25009966,417.2329981,0.391784262,8.5665
0.05,0.2,0.5,0.15,0.05,0.05,203.986759,2.678976646,0.1677,0.368286238,506.3444808,0.218027023,9.1225
0.05,0.2,0.55,0.1,0.05,0.05,196.9744269,2.775594995,0.2444,0.59577511,469.7416348,0.395344929,9.143
0.05,0.2,0.6,0.05,0.05,0.05,193.5301529,2.835873957,0.23102,0.7238388,433.0812073,0.614849331,9.1635
0.1,0.2,0.05,0.05,0.3,0.3,165.6416918,2.921643341,0.38184,0.449308445,354.8022414,1.085194367,5.8775
0.1,0.2,0.05,0.15,0.25,0.25,182.2703552,2.759901567,0.30426,0.474762268,442.1319494,1.420655388,6.4335
0.1,0.2,0.05,0.25,0.2,0.2,200.3840048,2.640199627,0.27584,0.356152462,530.2160373,1.61643745,6.9895
0.1,0.2,0.05,0.35,0.15,0.15,224.6723573,2.494758072,0.1907,0.732846123,619.3302135,1.742300802,7.5455
0.1,0.2,0.05,0.45,0.1,0.1,271.3687419,2.304623008,0.14194,0.162126397,709.5932643,1.828635683,8.1015
0.1,0.2,0.05,0.55,0.05,0.05,293.9704084,2.244145836,0.08144,1.743835537,801.0693539,1.890190515,8.6575
0.1,0.2,0.1,0.1,0.25,0.25,172.4445594,2.825993142,0.36468,0.571683858,407.4426858,0.929058642,6.454
0.1,0.2,0.1,0.2,0.2,0.2,195.2584772,2.659019078,0.2676,0.531875978,495.4908561,1.207371723,7.01
0.1,0.2,0.1,0.3,0.15,0.15,223.3714552,2.490842468,0.24482,1.12172201,584.3070712,1.392226643,7.566
0.1,0.2,0.1,0.4,0.1,0.1,266.147489,2.300097079,0.15964,0.190015661,674.1072344,1.52277293,8.122
0.1,0.2,0.1,0.5,0.05,0.05,290.525619,2.245390416,0.0932,1.60917,765.0065855,1.618698627,8.678
0.1,0.2,0.15,0.05,0.25,0.25,164.9205704,2.888035791,0.34938,0.491037597,372.1927598,0.447017626,6.4745
0.1,0.2,0.15,0.15,0.2,0.2,197.1258132,2.620602688,0.3022,0.326436459,460.3842489,0.804091168,7.0305
0.1,0.2,0.15,0.25,0.15,0.15,210.8316859,2.547741481,0.25528,0.73811169,549.0331268,1.046076343,7.5865
0.1,0.2,0.15,0.35,0.1,0.1,264.6283917,2.281786463,0.17728,0.169684974,638.4712633,1.219774224,8.1425
0.1,0.2,0.15,0.45,0.05,0.05,276.6769605,2.251839624,0.14602,1.2319883,728.8753437,1.349435727,8.6985
0.1,0.2,0.2,0.1,0.2,0.2,193.8173765,2.622637782,0.34708,0.243251447,424.9014275,0.40812008,7.051
0.1,0.2,0.2,0.2,0.15,0.15,203.0518269,2.579721934,0.25952,0.48697483,513.5117192,0.704611531,7.607
0.1,0.2,0.2,0.3,0.1,0.1,245.9895245,2.371137693,0.2121,0.161757743,602.6873501,0.920081518,8.163
0.1,0.2,0.2,0.4,0.05,0.05,268.5823958,2.287607146,0.17192,1.03114264,692.6765304,1.082682121,8.719
0.1,0.2,0.25,0.05,0.2,0.2,176.2220982,2.760317479,0.3735,0.285368463,389.0484545,0.025056342,7.0715
0.1,0.2,0.25,0.15,0.15,0.15,201.2959307,2.593103602,0.25972,0.450109424,477.7464306,0.368954564,7.6275
0.1,0.2,0.25,0.25,0.1,0.1,228.2811877,2.469324721,0.24462,0.16336201,566.7575791,0.624297543,8.1835
0.1,0.2,0.25,0.35,0.05,0.05,262.3092269,2.313429533,0.17244,0.68455238,656.411083,0.81879066,8.7395
0.1,0.2,0.3,0.1,0.15,0.15,200.0110023,2.586291231,0.32054,0.43635673,441.7410488,0.043124412,7.648
0.1,0.2,0.3,0.2,0.1,0.1,213.5758937,2.547946287,0.25444,0.157809775,530.6840394,0.333311086,8.204
0.1,0.2,0.3,0.3,0.05,0.05,263.0957655,2.309126426,0.19754,0.45688678,620.0799223,0.558253796,8.76
0.1,0.2,0.35,0.05,0.15,0.15,184.8539678,2.695696487,0.34636,0.499188462,405.4999847,0.270895008,7.6685
0.1,0.2,0.35,0.15,0.1,0.1,217.2210587,2.533329972,0.27454,0.154672682,494.46887,0.049776336,8.2245
0.1,0.2,0.35,0.25,0.05,0.05,252.1962344,2.374871388,0.2055,0.334396556,583.6839375,0.301787701,8.7805
0.1,0.2,0.4,0.1,0.1,0.1,201.0454235,2.643940133,0.296,0.149465447,458.1144475,0.224799023,8.245
0.1,0.2,0.4,0.2,0.05,0.05,225.027131,2.525484656,0.2093,0.282046292,547.2240017,0.050895755,8.801
0.1,0.2,0.45,0.05,0.1,0.1,192.010121,2.718243626,0.30562,0.157967847,421.6237864,0.488860982,8.2655
0.1,0.2,0.45,0.15,0.05,0.05,214.4083902,2.604021015,0.17186,0.3081011,510.7010294,0.193101375,8.8215
0.1,0.2,0.5,0.1,0.05,0.05,193.6862526,2.831570805,0.28816,0.470005008,474.1161057,0.429132538,8.842
0.1,0.2,0.55,0.05,0.05,0.05,191.5393717,2.864858596,0.2823,0.6132807,437.4707456,0.623527465,8.8625
0.15,0.2,0.05,0.1,0.25,0.25,174.8551134,2.80070084,0.39028,0.37242505,411.5483562,1.007896053,6.153
0.15,0.2,0.05,0.2,0.2,0.2,191.0521254,2.673676375,0.28098,0.283053938,499.4422524,1.319624594,6.709
0.15,0.2,0.05,0.3,0.15,0.15,216.6878293,2.536443446,0.26236,0.702839679,588.220333,1.517274363,7.265
0.15,0.2,0.05,0.4,0.1,0.1,252.3095058,2.372886867,0.1667,0.168223043,678.0883479,1.651308738,7.821
0.15,0.2,0.05,0.5,0.05,0.05,290.6507707,2.250008787,0.12064,1.675653,769.1453447,1.746381979,8.377
0.15,0.2,0.1,0.05,0.25,0.25,167.1479414,2.873645148,0.39114,0.445854934,376.4642384,0.481971799,6.1735
0.15,0.2,0.1,0.15,0.2,0.2,186.7082007,2.689876126,0.31958,0.353468068,464.4918239,0.8855721,6.7295
0.15,0.2,0.1,0.25,0.15,0.15,211.6565133,2.550115424,0.25918,0.977655579,553.0698073,1.148238926,7.2855
0.15,0.2,0.1,0.35,0.1,0.1,251.4563361,2.3481144,0.21182,0.186323226,642.5356614,1.330551142,7.8415
0.15,0.2,0.1,0.45,0.05,0.05,276.1543895,2.26333604,0.1665,1.4888111,733.0556699,1.462817539,8.3975
0.15,0.2,0.15,0.1,0.2,0.2,184.1871813,2.703893846,0.34808,0.227236756,429.1372759,0.458698035,6.75
0.15,0.2,0.15,0.2,0.15,0.15,205.1591434,2.581330686,0.2579,0.545687018,517.6553261,0.783953873,7.306
0.15,0.2,0.15,0.3,0.1,0.1,254.8030383,2.327607339,0.23606,0.17384959,606.8259702,1.013206682,7.862
0.15,0.2,0.15,0.4,0.05,0.05,268.2806917,2.271933385,0.17276,1.1284756,696.894536,1.181897704,8.418
0.15,0.2,0.2,0.05,0.2,0.2,169.4427266,2.810511894,0.37116,0.231604992,393.3857708,0.040864678,6.7705
0.15,0.2,0.2,0.15,0.15,0.15,201.5421466,2.599180792,0.31282,0.471364292,481.9811761,0.425306148,7.3265
0.15,0.2,0.2,0.25,0.1,0.1,234.8069365,2.431270293,0.26106,0.170906618,570.9617319,0.699775392,7.8825
0.15,0.2,0.2,0.35,0.05,0.05,263.3432758,2.302853971,0.17372,0.76293493,660.6630385,0.903922063,8.4385
0.15,0.2,0.25,0.1,0.15,0.15,193.1834773,2.661221433,0.34424,0.415346678,446.0518648,0.073671746,7.347
0.15,0.2,0.25,0.2,0.1,0.1,208.9898432,2.581114817,0.26664,0.162014409,534.9454636,0.390970055,7.903
0.15,0.2,0.25,0.3,0.05,0.05,259.5574473,2.322181451,0.1733,0.47579924,624.362285,0.629294563,8.459
0.15,0.2,0.3,0.05,0.15,0.15,180.3038782,2.766775637,0.35734,0.501890685,409.8722645,0.26567621,7.3675
0.15,0.2,0.3,0.15,0.1,0.1,197.7316945,2.667013266,0.32916,0.147392478,498.779699,0.087864422,7.9235
0.15,0.2,0.3,0.25,0.05,0.05,251.2428978,2.367724941,0.2062,0.44263369,587.9933566,0.358596212,8.4795
0.15,0.2,0.35,0.1,0.1,0.1,193.7120004,2.700573328,0.34016,0.149024029,462.4671197,0.206102021,7.944
0.15,0.2,0.35,0.2,0.05,0.05,239.8831812,2.438796585,0.22662,0.29349916,551.5573141,0.092679587,8.5
0.15,0.2,0.4,0.05,0.1,0.1,177.0714536,2.843637593,0.3337,0.148408901,426.0108779,0.490627178,7.9645
0.15,0.2,0.4,0.15,0.05,0.05,223.6301057,2.532206297,0.27244,0.287059744,515.05524,0.166688685,8.5205
0.15,0.2,0.45,0.1,0.05,0.05,209.7837625,2.613798736,0.35894,0.402795052,478.4883364,0.418645641,8.541
0.15,0.2,0.5,0.05,0.05,0.05,193.3888487,2.857445523,0.29792,0.4605552,441.8581251,0.661048258,8.5615
0.2,0.2,0.05,0.05,0.25,0.25,169.8999313,2.846500194,0.37146,0.351314305,380.7262873,0.519152363,5.8725
0.2,0.2,0.05,0.15,0.2,0.2,177.7346261,2.775089497,0.37752,0.315944355,468.5866238,0.968489601,6.4285
0.2,0.2,0.05,0.25,0.15,0.15,210.1821076,2.561392776,0.32276,0.784316985,557.0944263,1.251620677,6.9845
0.2,0.2,0.05,0.35,0.1,0.1,235.563984,2.441567514,0.25142,0.17544819,646.5906774,1.442498968,7.5405
0.2,0.2,0.05,0.45,0.05,0.05,289.7214699,2.218743481,0.15462,1.6140028,737.230573,1.577463593,8.0965
0.2,0.2,0.1,0.1,0.2,0.2,179.2484339,2.746051948,0.33234,0.234623835,433.3639142,0.510903578,6.449
0.2,0.2,0.1,0.2,0.15,0.15,200.5294947,2.623144129,0.33424,0.642058922,521.7893803,0.864475777,7.005
0.2,0.2,0.1,0.3,0.1,0.1,229.2568802,2.459968943,0.25342,0.177349036,610.9568649,1.107387675,7.561
0.2,0.2,0.1,0.4,0.05,0.05,276.6238339,2.23784711,0.16616,1.3254999,701.1079981,1.282201803,8.117
0.2,0.2,0.15,0.05,0.2,0.2,170.1669776,2.797375807,0.37232,0.255869533,397.716669,0.062069324,6.4695
0.2,0.2,0.15,0.15,0.15,0.15,199.5334002,2.617317729,0.3612,0.545410145,486.2083299,0.483007616,7.0255
0.2,0.2,0.15,0.25,0.1,0.1,222.7944014,2.500443775,0.2754,0.180067044,575.1594946,0.776304538,7.5815
0.2,0.2,0.15,0.35,0.05,0.05,265.5924749,2.289084327,0.20762,0.9229894,664.9111725,0.990043258,8.1375
0.2,0.2,0.2,0.1,0.15,0.15,187.4410257,2.680117469,0.34596,0.436876857,450.3566284,0.108245206,7.046
0.2,0.2,0.2,0.2,0.1,0.1,211.152993,2.574594266,0.30664,0.168494931,539.2015538,0.449804335,7.602
0.2,0.2,0.2,0.3,0.05,0.05,253.3328246,2.351732605,0.30646,0.55888671,628.6414111,0.701301718,8.158
0.2,0.2,0.25,0.05,0.15,0.15,177.503125,2.78537079,0.38906,0.486540358,414.2398006,0.257871445,7.0665
0.2,0.2,0.25,0.15,0.1,0.1,197.7995377,2.663893687,0.32,0.151859767,503.086025,0.128732925,7.6225
0.2,0.2,0.25,0.25,0.05,0.05,237.3891621,2.442566236,0.33654,0.52333519,592.3000024,0.416440319,8.1785
0.2,0.2,0.3,0.1,0.1,0.1,189.7572194,2.724547788,0.345,0.138023297,466.8159459,0.185607494,7.643
0.2,0.2,0.3,0.2,0.05,0.05,229.6939414,2.492078498,0.2755,0.46922699,555.8882025,0.136143892,8.199
0.2,0.2,0.35,0.05,0.1,0.1,183.4003843,2.772812906,0.37862,0.149420672,430.394674,0.489745084,7.6635
0.2,0.2,0.35,0.15,0.05,0.05,209.7430192,2.62808377,0.32672,0.45486332,519.4072702,0.13857592,8.2195
0.2,0.2,0.4,0.1,0.05,0.05,207.8023027,2.681510062,0.37896,0.5570939,482.858545,0.40622243,8.24
0.2,0.2,0.45,0.05,0.05,0.05,190.6239134,2.78278175,0.37688,0.54264166,446.243603,0.664583834,8.2605
0.25,0.2,0.05,0.1,0.2,0.2,176.2146015,2.785936948,0.373,0.260065148,437.5810265,0.564746558,6.148
0.25,0.2,0.05,0.2,0.15,0.15,200.5962675,2.636172403,0.33244,0.682070045,525.9134328,0.946285974,6.704
0.25,0.2,0.05,0.3,0.1,0.1,224.4562253,2.490943408,0.2589,0.216473965,615.0796083,1.20277194,7.26
0.25,0.2,0.05,0.4,0.05,0.05,274.0238377,2.256309777,0.1554,1.2704451,705.316607,1.383795854,7.816
0.25,0.2,0.1,0.05,0.2,0.2,171.6930194,2.791163264,0.37064,0.195462992,402.0414814,0.085239214,6.1685
0.25,0.2,0.1,0.15,0.15,0.15,195.321492,2.662712526,0.362,0.567595552,490.427899,0.541981153,6.7245
0.25,0.2,0.1,0.25,0.1,0.1,219.9591722,2.528865392,0.30344,0.203382832,579.3507224,0.853912665,7.2805
0.25,0.2,0.1,0.35,0.05,0.05,277.1178685,2.236613526,0.25938,0.9416908,669.1553226,1.077257009,7.8365
0.25,0.2,0.15,0.1,0.15,0.15,184.2106517,2.72049136,0.36846,0.519201798,454.6555919,0.144372402,6.745
0.25,0.2,0.15,0.2,0.1,0.1,202.6500209,2.643735225,0.3319,0.187993999,543.4523289,0.509755073,7.301
0.25,0.2,0.15,0.3,0.05,0.05,254.5016934,2.354590603,0.30648,0.59555235,632.9172259,0.774317018,7.857
0.25,0.2,0.2,0.05,0.15,0.15,177.852308,2.774892247,0.38148,0.53970053,418.6029767,0.245309133,6.7655
0.25,0.2,0.2,0.15,0.1,0.1,197.7054465,2.659650813,0.35668,0.184125309,507.3879781,0.170917672,7.3215
0.25,0.2,0.2,0.25,0.05,0.05,241.3939322,2.421467811,0.30368,0.4490888,596.6038641,0.475304652,7.8775
0.25,0.2,0.25,0.1,0.1,0.1,189.5858256,2.735310399,0.39518,0.174916842,471.1611506,0.161585221,7.342
0.25,0.2,0.25,0.2,0.05,0.05,221.3701883,2.554254724,0.33992,0.37485315,560.216715,0.180753899,7.898
0.25,0.2,0.3,0.05,0.1,0.1,183.2214002,2.795077112,0.36356,0.170846398,434.7754847,0.486168214,7.3625
0.25,0.2,0.3,0.15,0.05,0.05,207.0991525,2.653711851,0.3447,0.46547817,523.7572283,0.10852839,7.9185
0.25,0.2,0.35,0.1,0.05,0.05,200.7698177,2.704429909,0.37,0.526600732,487.2268982,0.391345034,7.939
0.25,0.2,0.4,0.05,0.05,0.05,186.2859113,2.886997205,0.37712,0.50153706,450.6273903,0.665925267,7.9595
0.3,0.2,0.05,0.05,0.2,0.2,164.085935,2.864559523,0.37458,0.248125312,406.3598955,0.110369435,5.8675
0.3,0.2,0.05,0.15,0.15,0.15,197.7058666,2.647169978,0.38102,0.654351603,494.6393841,0.602367659,6.4235
0.3,0.2,0.05,0.25,0.1,0.1,219.4772012,2.521813278,0.33954,0.209324551,583.5349318,0.932786444,6.9795
0.3,0.2,0.05,0.35,0.05,0.05,271.9287445,2.259891606,0.3315,0.9308254,673.3951483,1.165800179,7.5355
0.3,0.2,0.1,0.1,0.15,0.15,170.9640316,2.838515777,0.37342,0.560821064,458.9487916,0.181940217,6.444
0.3,0.2,0.1,0.2,0.1,0.1,203.7351324,2.631945829,0.34012,0.202165112,547.6976563,0.570844677,7
0.3,0.2,0.1,0.3,0.05,0.05,251.8220761,2.375763939,0.30584,0.6616301,637.1895701,0.848447069,7.556
0.3,0.2,0.15,0.05,0.15,0.15,173.5034819,2.816819933,0.3163,0.601152283,422.9620546,0.2306662,6.4645
0.3,0.2,0.15,0.15,0.1,0.1,194.3534798,2.69752301,0.36324,0.192417349,511.6856001,0.214331947,7.0205
0.3,0.2,0.15,0.25,0.05,0.05,237.3663519,2.449269186,0.33094,0.57713052,600.9048789,0.535219584,7.5765
0.3,0.2,0.2,0.1,0.1,0.1,193.4561826,2.707126809,0.34238,0.186244913,475.5028823,0.136044005,7.041
0.3,0.2,0.2,0.2,0.05,0.05,229.7919507,2.500150891,0.33928,0.36192214,564.5428556,0.226469296,7.597
0.3,0.2,0.25,0.05,0.1,0.1,182.6316735,2.808612766,0.36364,0.180477769,439.1535396,0.479052702,7.0615
0.3,0.2,0.25,0.15,0.05,0.05,210.5252883,2.642478793,0.36718,0.39876091,528.1051774,0.077183763,7.6175
0.3,0.2,0.3,0.1,0.05,0.05,188.608098,2.85363535,0.39104,0.5848525,491.593515,0.374789276,7.638
0.3,0.2,0.35,0.05,0.05,0.05,180.777342,2.960617012,0.39192,0.520994304,455.0096528,0.664933325,7.6585
0.35,0.2,0.05,0.1,0.15,0.15,167.1597458,2.873353998,0.38842,0.609086413,463.2357351,0.221102994,6.143
0.35,0.2,0.05,0.2,0.1,0.1,207.4052239,2.592775995,0.33832,0.203089063,551.9370294,0.633289475,6.699
0.35,0.2,0.05,0.3,0.05,0.05,250.0948054,2.381338852,0.3172,0.7586204,641.4580888,0.923956296,7.255
0.35,0.2,0.1,0.05,0.15,0.15,166.5247421,2.876737914,0.35658,0.584502922,427.3170965,0.214324837,6.1635
0.35,0.2,0.1,0.15,0.1,0.1,193.9529019,2.702390157,0.37134,0.200770784,515.9787787,0.258985227,6.7195
0.35,0.2,0.1,0.25,0.05,0.05,236.7681845,2.454635442,0.32288,0.5798053,605.2028969,0.596290456,7.2755
0.35,0.2,0.15,0.1,0.1,0.1,174.6158096,2.868183241,0.32744,0.197250553,479.8412016,0.109106564,6.74
0.35,0.2,0.15,0.2,0.05,0.05,220.1327789,2.566474958,0.33318,0.49487139,568.8665758,0.273304108,7.296
0.35,0.2,0.2,0.05,0.1,0.1,170.9499737,2.926380375,0.35566,0.186371505,443.5289941,0.470146183,6.7605
0.35,0.2,0.2,0.15,0.05,0.05,216.0526447,2.619997826,0.37042,0.40703614,532.4511361,0.044613851,7.3165
0.35,0.2,0.25,0.1,0.05,0.05,181.8498025,2.93094529,0.385,0.51145335,495.9584706,0.356738766,7.337
0.35,0.2,0.3,0.05,0.05,0.05,177.3319041,2.992540142,0.38748,0.6423932,459.3905133,0.661951495,7.3575
0.4,0.2,0.05,0.05,0.15,0.15,165.7238086,2.885027918,0.36424,0.698298201,431.667664,0.196141471,5.8625
0.4,0.2,0.05,0.15,0.1,0.1,187.5433439,2.746540934,0.39314,0.257793163,520.2670196,0.305109798,6.4185
0.4,0.2,0.05,0.25,0.05,0.05,231.1721596,2.478766908,0.35916,0.7053896,609.4975665,0.65879849,6.9745
0.4,0.2,0.1,0.1,0.1,0.1,169.5954322,2.909863548,0.342,0.243911666,484.1760213,0.080785315,6.439
0.4,0.2,0.1,0.2,0.05,0.05,218.4534015,2.574728496,0.34436,0.46461726,573.1877401,0.321356273,6.995
0.4,0.2,0.15,0.05,0.1,0.1,166.5315713,2.963947758,0.34892,0.216408084,447.9019209,0.459617059,6.4595
0.4,0.2,0.15,0.15,0.05,0.05,205.9100928,2.67957972,0.34384,0.43611278,536.7950707,0.010826939,7.0155
0.4,0.2,0.2,0.1,0.05,0.05,178.2707949,2.984402305,0.36076,0.51354438,500.3217962,0.337304669,7.036
0.4,0.2,0.25,0.05,0.05,0.05,171.0929858,3.07447806,0.3591,0.56525695,463.7700539,0.65722555,7.0565
0.45,0.2,0.05,0.1,0.1,0.1,172.6113077,2.88397216,0.3951,0.248524467,488.5068907,0.050848639,6.138
0.45,0.2,0.05,0.2,0.05,0.05,195.3023591,2.794470814,0.38054,0.69730346,577.5060168,0.370911152,6.694
0.45,0.2,0.1,0.05,0.1,0.1,168.2105759,2.924905915,0.38104,0.242454892,452.272258,0.447509862,6.1585
0.45,0.2,0.1,0.15,0.05,0.05,187.5141874,2.88453013,0.30644,0.46216366,541.1368647,0.024260438,6.7145
0.45,0.2,0.15,0.1,0.05,0.05,173.5432052,3.017419701,0.31724,0.50318496,504.6834733,0.316524667,6.735
0.45,0.2,0.2,0.05,0.05,0.05,163.8264491,3.154346655,0.30848,0.54266052,468.1483159,0.650915264,6.7555
0.5,0.2,0.05,0.05,0.1,0.1,168.4413555,2.969149577,0.35632,0.352466197,456.639621,0.433612197,5.8575
0.5,0.2,0.05,0.15,0.05,0.05,190.3978618,2.847088925,0.37518,0.72202386,545.4762198,0.060924186,6.4135
0.5,0.2,0.1,0.1,0.05,0.05,178.0033213,2.984567926,0.31052,0.50661,509.0434069,0.294337728,6.434
0.5,0.2,0.15,0.05,0.05,0.05,162.2931126,3.146005574,0.30174,0.5754996,472.5252941,0.643096064,6.4545
0.55,0.2,0.05,0.1,0.05,0.05,179.0958484,2.964688879,0.36196,0.8238443,513.4013426,0.270491176,6.133
0.55,0.2,0.1,0.05,0.05,0.05,167.0752201,3.110430458,0.3122,0.6667652,476.9009165,0.633738216,6.1535
0.6,0.2,0.05,0.05,0.05,0.05,169.1047536,3.088971348,0.36042,0.9662431,481.2749776,0.622625619,5.8525
0.05,0.25,0.05,0.05,0.3,0.3,169.4197252,2.896498261,0.3913,0.775311272,351.349218,1.610348035,5.964
0.05,0.25,0.05,0.15,0.25,0.25,185.1420352,2.73911068,0.33744,0.743822324,438.6561746,1.780529388,6.52
0.05,0.25,0.05,0.25,0.2,0.2,201.3874484,2.639573336,0.27182,0.665493219,526.8922211,1.881908851,7.076
0.05,0.25,0.05,0.35,0.15,0.15,231.5034539,2.463689346,0.1781,0.958022162,616.2160188,1.948356069,7.632
0.05,0.25,0.05,0.45,0.1,0.1,270.8057223,2.305221341,0.1361,0.162378068,706.7067773,1.99454204,8.188
0.05,0.25,0.05,0.55,0.05,0.05,293.1236614,2.250612735,0.0755,1.806417,798.4140669,2.027373614,8.744
0.05,0.25,0.1,0.1,0.25,0.25,180.4707371,2.781624919,0.30818,0.811981613,404.019652,1.339325,6.5405
0.05,0.25,0.1,0.2,0.2,0.2,202.0713389,2.602367159,0.27858,0.921180019,492.1630447,1.508698919,7.0965
0.05,0.25,0.1,0.3,0.15,0.15,232.9696555,2.439898628,0.23516,1.378310479,581.171738,1.625132392,7.6525
0.05,0.25,0.1,0.4,0.1,0.1,268.8777122,2.282703163,0.16252,0.219166774,671.1998378,1.709617382,8.2085
0.05,0.25,0.1,0.5,0.05,0.05,291.1200732,2.241712687,0.0763,1.6786347,762.3386757,1.772828912,8.7645
0.05,0.25,0.15,0.05,0.25,0.25,168.4834636,2.873895974,0.33766,0.786279301,368.8852715,0.904491418,6.561
0.05,0.25,0.15,0.15,0.2,0.2,200.6867369,2.586035672,0.30156,0.672422398,457.0890925,1.13960185,7.117
0.05,0.25,0.15,0.25,0.15,0.15,228.6943859,2.44126928,0.2503,0.911741834,545.8978522,1.304818531,7.673
0.05,0.25,0.15,0.35,0.1,0.1,267.5401229,2.269507913,0.18262,0.181987567,635.5543797,1.426865283,8.229
0.05,0.25,0.15,0.45,0.05,0.05,283.6705172,2.225196633,0.07514,1.2427972,726.1996809,1.519957072,8.785
0.05,0.25,0.2,0.1,0.2,0.2,194.3358437,2.619928731,0.3436,0.471275539,421.6735156,0.775961787,7.1375
0.05,0.25,0.2,0.2,0.15,0.15,217.1042576,2.48605181,0.24098,0.53619438,510.3966642,0.988084679,7.6935
0.05,0.25,0.2,0.3,0.1,0.1,256.3216899,2.315877884,0.20982,0.172346381,599.7718785,1.146681146,8.2495
0.05,0.25,0.2,0.4,0.05,0.05,281.5309677,2.232981338,0.16712,1.01596149,689.9977405,1.269030517,8.8055
0.05,0.25,0.25,0.05,0.2,0.2,187.1069126,2.668732032,0.38082,0.494253427,385.9203828,0.422464279,7.158
0.05,0.25,0.25,0.15,0.15,0.15,206.47697,2.552353022,0.25686,0.536327888,474.6706846,0.675931911,7.714
0.05,0.25,0.25,0.25,0.1,0.1,234.8786236,2.407705166,0.24004,0.206644293,563.8538819,0.869604135,8.27
0.05,0.25,0.25,0.35,0.05,0.05,276.9468982,2.248830029,0.17932,0.63842063,653.7335609,1.020377854,8.826
0.05,0.25,0.3,0.1,0.15,0.15,206.016478,2.53961835,0.28552,0.565307286,438.7227715,0.372177266,7.7345
0.05,0.25,0.3,0.2,0.1,0.1,232.2109259,2.409565261,0.25116,0.255965996,527.8019984,0.596410908,8.2905
0.05,0.25,0.3,0.3,0.05,0.05,267.1380556,2.28687521,0.1952,0.43580875,617.4078645,0.774435234,8.8465
0.05,0.25,0.35,0.05,0.15,0.15,195.5629071,2.593463982,0.2856,0.568763778,402.5565037,0.077965343,7.755
0.05,0.25,0.35,0.15,0.1,0.1,231.2435567,2.416156805,0.2469,0.253465214,491.61794,0.330126955,8.311
0.05,0.25,0.35,0.25,0.05,0.05,259.6716632,2.306150036,0.2044,0.324549012,581.0213712,0.53203024,8.867
0.05,0.25,0.4,0.1,0.1,0.1,213.4463632,2.537337806,0.28692,0.255431846,455.3036714,0.07098757,8.3315
0.05,0.25,0.4,0.2,0.05,0.05,231.5552506,2.438595872,0.18394,0.23883714,544.5748035,0.294899621,8.8875
0.05,0.25,0.45,0.05,0.1,0.1,200.9960604,2.630724096,0.3006,0.272071996,418.8617398,0.178420813,8.352
0.05,0.25,0.45,0.15,0.05,0.05,217.266273,2.538986376,0.16978,0.216031424,508.0689302,0.063277673,8.908
0.05,0.25,0.5,0.1,0.05,0.05,203.1108264,2.683852383,0.24014,0.352178402,471.5046759,0.160961401,8.9285
0.05,0.25,0.55,0.05,0.05,0.05,195.0114654,2.817370334,0.2386,0.510337722,434.8833448,0.333673692,8.949
0.1,0.25,0.05,0.1,0.25,0.25,182.9298211,2.726515852,0.35622,0.433187659,408.0973053,1.419597534,6.2395
0.1,0.25,0.05,0.2,0.2,0.2,192.1983398,2.661368189,0.27884,0.325063096,496.0977356,1.621971865,6.7955
0.1,0.25,0.05,0.3,0.15,0.15,228.3479315,2.469114866,0.2384,0.739075774,585.0749483,1.750856396,7.3515
0.1,0.25,0.05,0.4,0.1,0.1,262.488028,2.318186892,0.16326,0.163705652,675.1753482,1.838548168,7.9075
0.1,0.25,0.05,0.5,0.05,0.05,293.9835217,2.242831333,0.08658,1.812279,766.4750557,1.900623623,8.4635
0.1,0.25,0.1,0.05,0.25,0.25,171.3537749,2.846504032,0.35698,0.603540743,373.1236146,0.941413831,6.26
0.1,0.25,0.1,0.15,0.2,0.2,192.3080982,2.656012332,0.3179,0.635928464,461.1770159,1.222416483,6.816
0.1,0.25,0.1,0.25,0.15,0.15,221.7630199,2.491251183,0.24408,1.40604857,549.922707,1.407889607,7.372
0.1,0.25,0.1,0.35,0.1,0.1,260.8343022,2.305160723,0.1735,0.220936862,639.6121192,1.538233995,7.928
0.1,0.25,0.1,0.45,0.05,0.05,279.5069523,2.252309858,0.11054,1.6029418,730.3770788,1.633654542,8.484
0.1,0.25,0.15,0.1,0.2,0.2,192.7790241,2.626956509,0.334,0.311317637,425.8872087,0.82817706,6.8365
0.1,0.25,0.15,0.2,0.15,0.15,215.42172,2.503273637,0.26016,0.636322288,514.5270085,1.068533502,7.3925
0.1,0.25,0.15,0.3,0.1,0.1,263.2582035,2.279433829,0.21716,0.178168398,603.9030113,1.240557842,7.9485
0.1,0.25,0.15,0.4,0.05,0.05,272.0096162,2.248955438,0.16476,1.1477875,694.2123995,1.368720669,8.5045
0.1,0.25,0.2,0.05,0.2,0.2,186.0907494,2.684420916,0.37336,0.298605293,390.2330131,0.441503273,6.857
0.1,0.25,0.2,0.15,0.15,0.15,206.7596785,2.556159026,0.29486,0.540586344,478.8908267,0.733633965,7.413
0.1,0.25,0.2,0.25,0.1,0.1,243.5026695,2.372752662,0.25004,0.174559841,568.0498192,0.946002562,7.969
0.1,0.25,0.2,0.35,0.05,0.05,269.2546643,2.259826125,0.17414,0.76424562,657.9818206,1.106132948,8.525
0.1,0.25,0.25,0.1,0.15,0.15,201.3540501,2.583487599,0.33628,0.465239461,443.01756,0.405074179,7.4335
0.1,0.25,0.25,0.2,0.1,0.1,222.6490126,2.474430206,0.26502,0.17782281,532.0544807,0.655217035,7.9895
0.1,0.25,0.25,0.3,0.05,0.05,259.6132696,2.315219734,0.18032,0.49113803,621.6862052,0.846269706,8.5455
0.1,0.25,0.3,0.05,0.15,0.15,197.2334375,2.5989771,0.3301,0.512912136,406.911186,0.086286558,7.454
0.1,0.25,0.3,0.15,0.1,0.1,225.585428,2.453633738,0.2917,0.168640871,495.9190456,0.369877937,8.01
0.1,0.25,0.3,0.25,0.05,0.05,266.3018878,2.290845171,0.21532,0.46474284,585.3264341,0.589644321,8.566
0.1,0.25,0.35,0.1,0.1,0.1,217.8632972,2.51310133,0.30132,0.173521533,459.6457645,0.092000992,8.0305
0.1,0.25,0.35,0.2,0.05,0.05,230.1884754,2.444134225,0.21296,0.316783296,548.9033968,0.337841634,8.5865
0.1,0.25,0.4,0.05,0.1,0.1,198.802781,2.63952638,0.3079,0.171222128,423.2373391,0.177550195,8.051
0.1,0.25,0.4,0.15,0.05,0.05,228.8795074,2.461035194,0.1839,0.250345852,512.4180184,0.09146959,8.607
0.1,0.25,0.45,0.1,0.05,0.05,215.518355,2.554795151,0.2143,0.292342712,475.8713394,0.148449046,8.6275
0.1,0.25,0.5,0.05,0.05,0.05,197.1372784,2.799266812,0.29148,0.366639248,439.2646876,0.3800449,8.648
0.15,0.25,0.05,0.05,0.25,0.25,178.1760725,2.767162603,0.37118,0.369887464,377.3530743,0.980194994,5.959
0.15,0.25,0.05,0.15,0.2,0.2,183.9692532,2.709321155,0.33842,0.34745389,465.2525754,1.306478429,6.515
0.15,0.25,0.05,0.25,0.15,0.15,222.5681541,2.486210095,0.31436,0.863921421,553.9358398,1.512044304,7.071
0.15,0.25,0.05,0.35,0.1,0.1,246.8734317,2.375282511,0.19706,0.180384992,643.6607493,1.650656925,7.627
0.15,0.25,0.05,0.45,0.05,0.05,293.2119419,2.223753282,0.11828,1.6911241,734.5492468,1.748492396,8.183
0.15,0.25,0.1,0.1,0.2,0.2,184.227326,2.696242386,0.36048,0.380885306,430.0919498,0.881845991,6.5355
0.15,0.25,0.1,0.2,0.15,0.15,211.5753162,2.539767103,0.28162,0.913600775,518.6479485,1.150072836,7.0915
0.15,0.25,0.1,0.3,0.1,0.1,249.7481482,2.355079852,0.21288,0.215849441,608.0265401,1.335422452,7.6475
0.15,0.25,0.1,0.4,0.05,0.05,282.5889342,2.226226313,0.15464,1.379235,698.4226183,1.469425868,8.2035
0.15,0.25,0.15,0.05,0.2,0.2,184.2408803,2.686288818,0.35702,0.279023852,394.5397244,0.463995119,6.556
0.15,0.25,0.15,0.15,0.15,0.15,202.1066501,2.581598705,0.30142,0.624726458,483.1035903,0.792550087,7.112
0.15,0.25,0.15,0.25,0.1,0.1,242.1668357,2.380274838,0.2633,0.187452124,572.239484,1.023374038,7.668
0.15,0.25,0.15,0.35,0.05,0.05,274.75726,2.241867801,0.16552,0.886958,662.2263413,1.19280979,8.224
0.15,0.25,0.2,0.1,0.15,0.15,197.0787761,2.609454358,0.32648,0.480512735,447.306677,0.440491794,7.1325
0.15,0.25,0.2,0.2,0.1,0.1,222.1904067,2.48996879,0.2872,0.183746839,536.3018112,0.715072104,7.6885
0.15,0.25,0.2,0.3,0.05,0.05,264.7555385,2.284133265,0.2248,0.53781461,625.9614042,0.918983198,8.2445
0.15,0.25,0.25,0.05,0.15,0.15,195.5894601,2.61569347,0.33018,0.528834968,411.2616832,0.096799,7.153
0.15,0.25,0.25,0.15,0.1,0.1,205.7342298,2.590155287,0.31844,0.169715931,500.215921,0.411287319,7.709
0.15,0.25,0.25,0.25,0.05,0.05,253.7707375,2.347072033,0.2037,0.47479784,589.6288474,0.648377778,8.265
0.15,0.25,0.3,0.1,0.1,0.1,198.063283,2.653286359,0.34104,0.164698876,463.9843788,0.114505712,7.7295
0.15,0.25,0.3,0.2,0.05,0.05,235.3436005,2.44156662,0.20686,0.43061378,553.2297286,0.381596897,8.2855
0.15,0.25,0.35,0.05,0.1,0.1,194.4104344,2.666764506,0.3437,0.17264722,427.6100948,0.174304919,7.75
0.15,0.25,0.35,0.15,0.05,0.05,222.9834011,2.519977248,0.22224,0.273753772,516.7651338,0.120750081,8.306
0.15,0.25,0.4,0.1,0.05,0.05,215.2634076,2.578164373,0.34962,0.292414052,480.2362362,0.134291329,8.3265
0.15,0.25,0.45,0.05,0.05,0.05,205.0095747,2.668364332,0.33734,0.281605796,443.6444264,0.381993651,8.347
0.2,0.25,0.05,0.1,0.2,0.2,181.4152981,2.729385145,0.37206,0.297678497,434.2875211,0.936944407,6.2345
0.2,0.25,0.05,0.2,0.15,0.15,211.202566,2.547381074,0.32964,0.777921835,522.7592074,1.232751881,6.7905
0.2,0.25,0.05,0.3,0.1,0.1,236.6907538,2.416423681,0.2527,0.183997483,612.1421859,1.431363781,7.3465
0.2,0.25,0.05,0.4,0.05,0.05,287.2588206,2.203451716,0.14034,1.4821926,702.6281702,1.571293598,7.9025
0.2,0.25,0.1,0.05,0.2,0.2,181.6091931,2.696510133,0.36722,0.286689948,398.8406629,0.488716195,6.255
0.2,0.25,0.1,0.15,0.15,0.15,201.1208298,2.601277532,0.33348,0.757796152,487.3089306,0.852629656,6.811
0.2,0.25,0.1,0.25,0.1,0.1,230.8557734,2.442397536,0.26528,0.193493063,576.4227347,1.101748293,7.367
0.2,0.25,0.1,0.35,0.05,0.05,270.3125586,2.260412584,0.1557,1.0959553,666.4669756,1.280504197,7.923
0.2,0.25,0.15,0.1,0.15,0.15,192.7455551,2.641874479,0.37674,0.565658358,451.590258,0.477926702,6.8315
0.2,0.25,0.15,0.2,0.1,0.1,218.3209668,2.5214177,0.29688,0.187608937,540.5439631,0.775946647,7.3875
0.2,0.25,0.15,0.3,0.05,0.05,270.124815,2.255907899,0.29974,0.69963358,630.2333772,0.992629509,7.9435
0.2,0.25,0.2,0.05,0.15,0.15,187.8937881,2.680622786,0.39216,0.550649799,415.6082551,0.109838412,6.852
0.2,0.25,0.2,0.15,0.1,0.1,208.3719114,2.58088108,0.31806,0.175447,504.5086349,0.454590408,7.408
0.2,0.25,0.2,0.25,0.05,0.05,251.9539984,2.349989588,0.30734,0.52294035,593.9285809,0.708029044,7.964
0.2,0.25,0.25,0.1,0.1,0.1,196.3577577,2.686473273,0.33626,0.166084335,468.3196732,0.138592963,7.4285
0.2,0.25,0.25,0.2,0.05,0.05,236.6513653,2.439650043,0.29628,0.42746875,557.5538217,0.427195099,7.9845
0.2,0.25,0.3,0.05,0.1,0.1,189.9347985,2.717259514,0.35268,0.159501286,431.9802506,0.169114703,7.449
0.2,0.25,0.3,0.15,0.05,0.05,221.3958092,2.538827818,0.28432,0.448092568,521.1103548,0.150897327,8.005
0.2,0.25,0.35,0.1,0.05,0.05,210.3216548,2.615204644,0.37644,0.45079446,484.5994986,0.118761093,8.0255
0.2,0.25,0.4,0.05,0.05,0.05,203.0170381,2.685693875,0.37788,0.426745416,448.0227368,0.381928312,8.046
0.25,0.25,0.05,0.05,0.2,0.2,173.8150356,2.770867083,0.36498,0.27216824,403.135495,0.515174824,5.954
0.25,0.25,0.05,0.15,0.15,0.15,205.5310266,2.576140459,0.33334,0.759519188,491.5064575,0.913971128,6.51
0.25,0.25,0.05,0.25,0.1,0.1,233.642701,2.429670046,0.3139,0.214124331,580.5992079,1.181260104,7.066
0.25,0.25,0.05,0.35,0.05,0.05,269.8978554,2.265022632,0.15996,1.09602,670.7034553,1.369403224,7.622
0.25,0.25,0.1,0.1,0.15,0.15,195.270828,2.635059737,0.35432,0.601264946,455.8682608,0.516665718,6.5305
0.25,0.25,0.1,0.2,0.1,0.1,229.1496559,2.456394639,0.3352,0.198692876,544.78079,0.837873656,7.0865
0.25,0.25,0.1,0.3,0.05,0.05,263.6922036,2.287527833,0.29808,0.76183864,634.5019718,1.06731346,7.6425
0.25,0.25,0.15,0.05,0.15,0.15,189.1392685,2.657144884,0.39308,0.605011359,419.9510464,0.125876015,6.551
0.25,0.25,0.15,0.15,0.1,0.1,213.274206,2.547492653,0.34976,0.192395369,508.7971768,0.499001764,7.107
0.25,0.25,0.15,0.25,0.05,0.05,259.6309192,2.308564243,0.3052,0.53765725,598.2255577,0.768645448,7.663
0.25,0.25,0.2,0.1,0.1,0.1,208.3771756,2.587200609,0.34772,0.188366808,472.6517334,0.165351411,7.1275
0.25,0.25,0.2,0.2,0.05,0.05,234.9577199,2.451111106,0.30832,0.33981176,561.8756577,0.473777317,7.6835
0.25,0.25,0.25,0.05,0.1,0.1,185.7931013,2.767445007,0.3532,0.181337927,436.3479722,0.161988782,7.148
0.25,0.25,0.25,0.15,0.05,0.05,215.9420542,2.581480388,0.36102,0.337182898,525.4537166,0.183273279,7.704
0.25,0.25,0.3,0.1,0.05,0.05,196.411976,2.716899463,0.3817,0.456360656,488.9612142,0.10203265,7.7245
0.25,0.25,0.35,0.05,0.05,0.05,193.0825819,2.746611862,0.38696,0.399865592,452.399751,0.38015762,7.745
0.3,0.25,0.05,0.1,0.15,0.15,191.4082025,2.678712152,0.3614,0.655155016,460.1402279,0.556848439,6.2295
0.3,0.25,0.05,0.2,0.1,0.1,218.5251657,2.522840949,0.34918,0.211653509,549.0118658,0.901031338,6.7855
0.3,0.25,0.05,0.3,0.05,0.05,254.9467863,2.328117059,0.32728,0.8369806,638.7668888,1.143258744,7.3415
0.3,0.25,0.1,0.05,0.15,0.15,175.569238,2.794085275,0.39634,0.629384602,424.2900234,0.143433799,6.25
0.3,0.25,0.1,0.15,0.1,0.1,206.0130741,2.606776177,0.36056,0.199858132,513.0814047,0.544551605,6.806
0.3,0.25,0.1,0.25,0.05,0.05,251.2076212,2.358677848,0.30692,0.6173497,602.5196263,0.830336981,7.362
0.3,0.25,0.15,0.1,0.1,0.1,203.4283709,2.627827761,0.35066,0.203381014,476.9805642,0.193353926,6.8265
0.3,0.25,0.15,0.2,0.05,0.05,245.5307653,2.391717127,0.30264,0.44940299,566.1951694,0.521380158,7.3825
0.3,0.25,0.2,0.05,0.1,0.1,188.3668637,2.743021747,0.35166,0.192056112,440.7133544,0.151759063,6.847
0.3,0.25,0.2,0.15,0.05,0.05,224.0159079,2.516351134,0.35254,0.30924814,529.7952128,0.216790595,7.403
0.3,0.25,0.25,0.1,0.05,0.05,196.2810791,2.752500768,0.37046,0.39800693,493.321429,0.082780157,7.4235
0.3,0.25,0.3,0.05,0.05,0.05,182.6195226,2.894067606,0.37168,0.4518606,456.7755604,0.376350265,7.444
0.35,0.25,0.05,0.05,0.15,0.15,171.1069105,2.810283597,0.38772,0.650158044,428.6247178,0.162674811,5.949
0.35,0.25,0.05,0.15,0.1,0.1,204.4084846,2.60921743,0.36576,0.209403186,517.3608627,0.591452851,6.505
0.35,0.25,0.05,0.25,0.05,0.05,233.7334223,2.447395696,0.31078,0.7554528,606.8104711,0.893356859,7.061
0.35,0.25,0.1,0.1,0.1,0.1,193.8884319,2.694106631,0.39294,0.199032683,481.306037,0.222620068,6.5255
0.35,0.25,0.1,0.2,0.05,0.05,231.3701174,2.476909469,0.33346,0.47044906,570.5122123,0.570113565,7.0815
0.35,0.25,0.15,0.05,0.1,0.1,182.4090126,2.800622665,0.34236,0.201857714,445.0764132,0.140097084,6.546
0.35,0.25,0.15,0.15,0.05,0.05,218.5846765,2.569815646,0.3632,0.37539582,534.1347878,0.251409421,7.102
0.35,0.25,0.2,0.1,0.05,0.05,191.6051058,2.814390242,0.35744,0.31944276,497.6801474,0.06231584,7.1225
0.35,0.25,0.25,0.05,0.05,0.05,181.721415,2.939501077,0.36204,0.36082133,461.1502176,0.370303741,7.143
0.4,0.25,0.05,0.1,0.1,0.1,184.9991349,2.760473855,0.40782,0.257497777,485.6277008,0.253383741,6.2245
0.4,0.25,0.05,0.2,0.05,0.05,229.4990402,2.482298453,0.34116,0.66271952,574.8264714,0.62024989,6.7805
0.4,0.25,0.1,0.05,0.1,0.1,178.1516234,2.821109229,0.38196,0.232441872,449.4370385,0.127003348,6.245
0.4,0.25,0.1,0.15,0.05,0.05,210.5511537,2.632343227,0.34332,0.36952726,538.4723095,0.287233309,6.801
0.4,0.25,0.15,0.1,0.05,0.05,194.8817964,2.76412269,0.3362,0.3000113,502.0373267,0.040641221,6.8215
0.4,0.25,0.2,0.05,0.05,0.05,183.7470941,2.90929957,0.33992,0.36494876,465.5237362,0.362876454,6.842
0.45,0.25,0.05,0.05,0.1,0.1,177.280339,2.843051427,0.39354,0.247768322,453.794816,0.112240204,5.944
0.45,0.25,0.05,0.15,0.05,0.05,202.5490074,2.695785781,0.34622,0.65965396,542.8074793,0.324541235,6.5
0.45,0.25,0.1,0.1,0.05,0.05,190.3472939,2.814675437,0.3386,0.3296408,506.3928511,0.017666443,6.5205
0.45,0.25,0.15,0.05,0.05,0.05,184.2901236,2.89965911,0.3274,0.3292143,469.8960857,0.354099417,6.541
0.5,0.25,0.05,0.1,0.05,0.05,197.4960379,2.737963082,0.34004,0.6584586,510.7464522,0.006880561,6.2195
0.5,0.25,0.1,0.05,0.05,0.05,177.2325562,2.984769622,0.3217,0.3698872,474.2671697,0.343904613,6.24
0.55,0.25,0.05,0.05,0.05,0.05,183.9337102,2.897827111,0.34118,0.7845677,478.6367588,0.332040567,5.939
0.05,0.3,0.05,0.1,0.25,0.25,181.4145249,2.776140595,0.38294,0.735507757,404.7460478,1.804754558,6.326
0.05,0.3,0.05,0.2,0.2,0.2,203.9941431,2.577480909,0.3273,0.689779849,492.8303763,1.905386585,6.882
0.05,0.3,0.05,0.3,0.15,0.15,234.5046947,2.421830645,0.17272,0.896610418,581.9846398,1.970226068,7.438
0.05,0.3,0.05,0.4,0.1,0.1,271.9797855,2.27823105,0.16892,0.164244009,672.2973535,2.014681407,7.994
0.05,0.3,0.05,0.5,0.05,0.05,303.3735541,2.242009337,0.07948,1.799607,763.8217862,2.04586224,8.55
0.05,0.3,0.1,0.05,0.25,0.25,177.983309,2.816649802,0.38296,0.82847691,369.8645414,1.377489658,6.3465
0.05,0.3,0.1,0.15,0.2,0.2,202.1005848,2.575972416,0.35614,0.931818987,457.9279938,1.541941245,6.9025
0.05,0.3,0.1,0.25,0.15,0.15,229.237106,2.425192766,0.19504,1.35271129,546.8238168,1.65424971,7.4585
0.05,0.3,0.1,0.35,0.1,0.1,271.8327009,2.259754405,0.15924,0.224319419,636.719754,1.735396291,8.0145
0.05,0.3,0.1,0.45,0.05,0.05,292.2432745,2.20868386,0.0831,1.638555628,727.7138184,1.795913558,8.5705
0.05,0.3,0.15,0.1,0.2,0.2,195.7753857,2.619306184,0.35594,0.697784782,422.6928054,1.182087777,6.923
0.05,0.3,0.15,0.2,0.15,0.15,226.7621453,2.420778437,0.22488,0.868523689,511.4404504,1.340867529,7.479
0.05,0.3,0.15,0.3,0.1,0.1,262.5068008,2.28450581,0.16562,0.188498202,601.0075277,1.458060884,8.035
0.05,0.3,0.15,0.4,0.05,0.05,277.828346,2.232202568,0.13704,1.175271656,691.5439473,1.547441462,8.591
0.05,0.3,0.2,0.05,0.2,0.2,189.8262107,2.659076538,0.36348,0.512238891,387.1275997,0.827802185,6.9435
0.05,0.3,0.2,0.15,0.15,0.15,223.3613768,2.445275941,0.26988,0.569945386,475.8366072,1.030768929,7.4995
0.05,0.3,0.2,0.25,0.1,0.1,248.6172181,2.333608509,0.2456,0.184228457,565.1620101,1.183081064,8.0555
0.05,0.3,0.2,0.35,0.05,0.05,278.4993829,2.225729798,0.16974,0.796551016,655.3127538,1.300733872,8.6115
0.05,0.3,0.25,0.1,0.15,0.15,213.0800785,2.510058277,0.30894,0.570289146,440.0146203,0.725825814,7.52
0.05,0.3,0.25,0.2,0.1,0.1,235.8222803,2.393915468,0.25776,0.249638381,529.1846177,0.911021334,8.076
0.05,0.3,0.25,0.3,0.05,0.05,273.1825642,2.245767292,0.17604,0.52149749,619.020872,1.056139851,8.632
0.05,0.3,0.3,0.05,0.15,0.15,197.5849948,2.595516348,0.31534,0.602389828,403.9774085,0.427939466,7.5405
0.05,0.3,0.3,0.15,0.1,0.1,235.6319093,2.386336947,0.3073,0.254428608,493.0768994,0.643713447,8.0965
0.05,0.3,0.3,0.25,0.05,0.05,263.9630957,2.276861311,0.20174,0.48739539,582.6689772,0.814113498,8.6525
0.05,0.3,0.35,0.1,0.1,0.1,224.5844977,2.446154956,0.3077,0.272203755,456.8406231,0.381982054,8.117
0.05,0.3,0.35,0.2,0.05,0.05,239.7947971,2.385995338,0.20062,0.3155017,546.2577774,0.576553513,8.673
0.05,0.3,0.4,0.05,0.1,0.1,198.7604932,2.636649784,0.29814,0.268650555,420.4779788,0.127374147,8.1375
0.05,0.3,0.4,0.15,0.05,0.05,234.803588,2.421127479,0.16866,0.222735292,509.7880293,0.343035257,8.6935
0.05,0.3,0.45,0.1,0.05,0.05,214.3246903,2.552142184,0.21936,0.260057294,473.2605997,0.115148822,8.714
0.05,0.3,0.5,0.05,0.05,0.05,202.5744861,2.656379587,0.28544,0.328966374,436.6766078,0.105113568,8.7345
0.1,0.3,0.05,0.05,0.25,0.25,181.9494227,2.749629601,0.36636,0.412493898,374.0649712,1.416988914,6.0455
0.1,0.3,0.05,0.15,0.2,0.2,189.5463099,2.672616377,0.35638,0.368081386,461.9866157,1.62666948,6.6015
0.1,0.3,0.05,0.25,0.15,0.15,228.9709532,2.444364378,0.2082,0.795595716,550.8268628,1.758888954,7.1575
0.1,0.3,0.05,0.35,0.1,0.1,260.4675298,2.318125384,0.17704,0.171960913,640.7627749,1.848098632,7.7135
0.1,0.3,0.05,0.45,0.05,0.05,303.4276117,2.208669143,0.09624,1.7654401,731.8835852,1.910783764,8.2695
0.1,0.3,0.1,0.1,0.2,0.2,190.2402694,2.648763413,0.33454,0.58706827,426.8775263,1.236767586,6.622
0.1,0.3,0.1,0.2,0.15,0.15,220.9030182,2.465469745,0.26476,1.000623879,515.5495313,1.423122806,7.178
0.1,0.3,0.1,0.3,0.1,0.1,262.5311012,2.286533282,0.191,0.223266478,605.1244242,1.553397184,7.734
0.1,0.3,0.1,0.4,0.05,0.05,287.4799863,2.206704364,0.11562,1.467714856,695.7512378,1.648382596,8.29
0.1,0.3,0.15,0.05,0.2,0.2,188.0864504,2.658343985,0.35994,0.36072166,391.4115504,0.851640422,6.6425
0.1,0.3,0.15,0.15,0.15,0.15,211.3065559,2.51977234,0.30058,0.615821476,480.0359814,1.090629717,7.1985
0.1,0.3,0.15,0.25,0.1,0.1,242.4035873,2.367047864,0.21758,0.191469782,569.3441923,1.261095957,7.7545
0.1,0.3,0.15,0.35,0.05,0.05,274.7179884,2.23666681,0.16364,0.946823368,659.5539285,1.387813765,8.3105
0.1,0.3,0.2,0.1,0.15,0.15,198.342087,2.594371821,0.2918,0.487373448,444.2889076,0.762314852,7.219
0.1,0.3,0.2,0.2,0.1,0.1,231.9953788,2.421599298,0.25102,0.189824342,533.4237036,0.971707455,7.775
0.1,0.3,0.2,0.3,0.05,0.05,270.1758923,2.248436085,0.20716,0.602161308,623.2923725,1.12941395,8.331
0.1,0.3,0.25,0.05,0.15,0.15,196.2281872,2.613115705,0.31262,0.496124313,408.3116054,0.441028103,7.2395
0.1,0.3,0.25,0.15,0.1,0.1,224.7886017,2.453460791,0.2924,0.190565317,497.3647771,0.68591706,7.7955
0.1,0.3,0.25,0.25,0.05,0.05,269.6002048,2.265188593,0.2012,0.518696298,586.9673644,0.873585067,8.3515
0.1,0.3,0.3,0.1,0.1,0.1,220.6563134,2.480128701,0.3007,0.196699929,461.1694506,0.406453577,7.816
0.1,0.3,0.3,0.2,0.05,0.05,258.1961058,2.299668904,0.21248,0.456567626,550.5797512,0.621400821,8.372
0.1,0.3,0.35,0.05,0.1,0.1,203.4775589,2.59240903,0.3098,0.201892564,424.8401172,0.133033179,7.8365
0.1,0.3,0.35,0.15,0.05,0.05,233.1372269,2.417615022,0.21306,0.276138472,514.1304312,0.373857496,8.3925
0.1,0.3,0.4,0.1,0.05,0.05,218.7771628,2.534671933,0.27062,0.255880308,477.6203955,0.131157411,8.413
0.1,0.3,0.45,0.05,0.05,0.05,209.5028718,2.613177663,0.30384,0.242918052,441.0508333,0.10492403,8.4335
0.15,0.3,0.05,0.1,0.2,0.2,187.6753449,2.677254008,0.35918,0.303883138,431.0536205,1.292615512,6.321
0.15,0.3,0.05,0.2,0.15,0.15,221.674532,2.480141716,0.35122,0.693648953,519.6493259,1.506353492,6.877
0.15,0.3,0.05,0.3,0.1,0.1,240.3981859,2.401747954,0.19254,0.181937089,609.233728,1.649680159,7.433
0.15,0.3,0.05,0.4,0.05,0.05,300.5266924,2.178464565,0.12402,1.5226547,699.9540578,1.750354363,7.989
0.15,0.3,0.1,0.05,0.2,0.2,187.432998,2.662239219,0.35796,0.41506146,395.6901112,0.877513071,6.3415
0.15,0.3,0.1,0.15,0.15,0.15,204.6874841,2.560566941,0.36754,0.841419813,484.2281652,1.151525897,6.8975
0.15,0.3,0.1,0.25,0.1,0.1,237.511584,2.40051173,0.23256,0.22194279,573.5201234,1.340025408,7.4535
0.15,0.3,0.1,0.35,0.05,0.05,288.026823,2.203821224,0.1407,1.15358924,663.7913352,1.475824902,8.0095
0.15,0.3,0.15,0.1,0.15,0.15,195.6209465,2.613484596,0.39976,0.509401478,448.5579321,0.800810286,6.918
0.15,0.3,0.15,0.2,0.1,0.1,231.5249419,2.43759731,0.28914,0.197457626,537.6577647,1.033313756,7.474
0.15,0.3,0.15,0.3,0.05,0.05,276.4610791,2.225807706,0.2017,0.731728234,627.560743,1.203541287,8.03
0.15,0.3,0.2,0.05,0.15,0.15,192.2240045,2.62911421,0.39204,0.517006901,412.6422689,0.455328559,6.9385
0.15,0.3,0.2,0.15,0.1,0.1,216.3931626,2.518830282,0.3045,0.188200893,501.6486966,0.730154352,7.4945
0.15,0.3,0.2,0.25,0.05,0.05,273.0576963,2.238623852,0.22764,0.564682818,591.2631752,0.933877256,8.0505
0.15,0.3,0.25,0.1,0.1,0.1,208.3641882,2.5562986,0.30966,0.194478013,465.4952334,0.431840081,7.515
0.15,0.3,0.25,0.2,0.05,0.05,237.6394909,2.426791303,0.21318,0.453231736,554.8996131,0.667289913,8.071
0.15,0.3,0.3,0.05,0.1,0.1,197.6970171,2.636589293,0.31304,0.197253974,429.2000035,0.140361781,7.5355
0.15,0.3,0.3,0.15,0.05,0.05,231.7651651,2.448388377,0.21982,0.42324904,518.4710987,0.405399549,8.0915
0.15,0.3,0.35,0.1,0.05,0.05,218.1607632,2.536716027,0.29502,0.29775838,481.9787556,0.148361683,8.112
0.15,0.3,0.4,0.05,0.05,0.05,210.732795,2.626024656,0.3018,0.245673672,445.4238671,0.102921225,8.1325
0.2,0.3,0.05,0.05,0.2,0.2,181.5900074,2.705585325,0.39132,0.299579485,399.9630527,0.904822774,6.0405
0.2,0.3,0.05,0.15,0.15,0.15,217.673481,2.504232815,0.35008,0.744301666,488.4129245,1.213496128,6.5965
0.2,0.3,0.05,0.25,0.1,0.1,230.8366608,2.441590196,0.30128,0.190350553,577.6895707,1.419947079,7.1525
0.2,0.3,0.05,0.35,0.05,0.05,280.0809352,2.236805858,0.1355,1.3048179,668.0247793,1.56490289,7.7085
0.2,0.3,0.1,0.1,0.15,0.15,197.8153873,2.604433848,0.38696,0.628918127,452.821612,0.840458194,6.617
0.2,0.3,0.1,0.2,0.1,0.1,227.5435431,2.461149746,0.29214,0.195890835,541.8866604,1.095874704,7.173
0.2,0.3,0.1,0.3,0.05,0.05,272.8813928,2.244151648,0.23424,0.977035908,631.8258469,1.278618522,7.729
0.2,0.3,0.15,0.05,0.15,0.15,190.8794006,2.63785917,0.40634,0.576965466,416.96945,0.472534659,6.6375
0.2,0.3,0.15,0.15,0.1,0.1,220.1914655,2.496785838,0.32248,0.194349097,505.9286093,0.775380974,7.1935
0.2,0.3,0.15,0.25,0.05,0.05,269.2122669,2.257302821,0.3008,0.722971104,595.556326,0.995048244,7.7495
0.2,0.3,0.2,0.1,0.1,0.1,214.841732,2.525331429,0.3448,0.193674953,469.8180048,0.459162525,7.214
0.2,0.3,0.2,0.2,0.05,0.05,243.8409669,2.388385973,0.30788,0.469885226,559.2173282,0.714592891,7.77
0.2,0.3,0.25,0.05,0.1,0.1,203.9253621,2.593902925,0.36386,0.193237556,433.557747,0.148979524,7.2345
0.2,0.3,0.25,0.15,0.05,0.05,224.5339505,2.497986342,0.34382,0.431370492,522.8100446,0.437770963,7.7905
0.2,0.3,0.3,0.1,0.05,0.05,215.2788518,2.562043039,0.32454,0.4758305,486.3357406,0.166518448,7.811
0.2,0.3,0.35,0.05,0.05,0.05,200.2337735,2.65211702,0.3048,0.409546532,449.7958114,0.099409881,7.8315
0.25,0.3,0.05,0.1,0.15,0.15,209.8119608,2.549875707,0.36504,0.632160174,457.0795961,0.88135225,6.316
0.25,0.3,0.05,0.2,0.1,0.1,223.7073399,2.483148493,0.31246,0.218260776,546.1100754,1.159515602,6.872
0.25,0.3,0.05,0.3,0.05,0.05,255.2138786,2.326159579,0.32128,1.019468298,636.0874501,1.354820471,7.428
0.25,0.3,0.1,0.05,0.15,0.15,183.0787833,2.70374253,0.40506,0.594155708,421.2930531,0.491082948,6.3365
0.25,0.3,0.1,0.15,0.1,0.1,214.7712019,2.530103033,0.34574,0.199641007,510.2043637,0.821637457,6.8925
0.25,0.3,0.1,0.25,0.05,0.05,262.2370338,2.288398885,0.3137,0.783445008,599.8466731,1.057205086,7.4485
0.25,0.3,0.15,0.1,0.1,0.1,219.0854596,2.50817116,0.36688,0.206861994,474.1377249,0.488060558,6.913
0.25,0.3,0.15,0.2,0.05,0.05,255.1320138,2.326032158,0.32054,0.509030424,563.5328178,0.762820541,7.469
0.25,0.3,0.2,0.05,0.1,0.1,208.7106044,2.554161522,0.36454,0.195055363,437.9133889,0.15956898,6.9335
0.25,0.3,0.2,0.15,0.05,0.05,223.2485079,2.500407693,0.3573,0.341284222,527.1472426,0.472090209,7.4895
0.25,0.3,0.25,0.1,0.05,0.05,218.0446035,2.541683584,0.38446,0.397571072,490.6913715,0.185604805,7.51
0.25,0.3,0.3,0.05,0.05,0.05,191.7260849,2.736211156,0.37738,0.416188572,454.1667297,0.09466238,7.5305
0.3,0.3,0.05,0.05,0.15,0.15,185.8712653,2.707971711,0.3947,0.618467982,425.6126507,0.511113709,6.0355
0.3,0.3,0.05,0.15,0.1,0.1,210.2406159,2.560530083,0.38586,0.214540485,514.4755801,0.869096401,6.5915
0.3,0.3,0.05,0.25,0.05,0.05,253.2789741,2.333908644,0.32376,0.895783628,604.133952,1.12056015,7.1475
0.3,0.3,0.1,0.1,0.1,0.1,213.276332,2.540695136,0.36036,0.20328862,478.4542407,0.518099408,6.612
0.3,0.3,0.1,0.2,0.05,0.05,253.857997,2.335917709,0.32394,0.615898828,567.8459368,0.812086676,7.168
0.3,0.3,0.15,0.05,0.1,0.1,206.6737539,2.597970489,0.38526,0.207024855,442.2668976,0.172206431,6.6325
0.3,0.3,0.15,0.15,0.05,0.05,223.3329247,2.491709412,0.3634,0.439501012,531.482621,0.507402048,7.1885
0.3,0.3,0.2,0.1,0.05,0.05,211.345581,2.596921193,0.364,0.345926856,495.0456305,0.206955416,7.209
0.3,0.3,0.25,0.05,0.05,0.05,199.7619883,2.721186927,0.3687,0.369079046,458.5366489,0.088574593,7.2295
0.35,0.3,0.05,0.1,0.1,0.1,205.1311153,2.596708854,0.39446,0.211410438,482.7671388,0.549491588,6.311
0.35,0.3,0.05,0.2,0.05,0.05,230.9098302,2.46387782,0.32068,0.777641888,572.1564038,0.862635074,6.867
0.35,0.3,0.1,0.05,0.1,0.1,190.7124694,2.709238025,0.38592,0.197966637,446.6181274,0.186133441,6.3315
0.35,0.3,0.1,0.15,0.05,0.05,217.5953879,2.540240263,0.32976,0.47436634,535.8160398,0.543821871,6.8875
0.35,0.3,0.15,0.1,0.05,0.05,201.991244,2.673298129,0.3527,0.365600648,499.3984551,0.22939077,6.908
0.35,0.3,0.2,0.05,0.05,0.05,194.5196479,2.773352826,0.35604,0.317593048,462.9055587,0.080171491,6.9285
0.4,0.3,0.05,0.05,0.1,0.1,182.8113445,2.74537407,0.39388,0.257432664,450.9666659,0.201589157,6.0305
0.4,0.3,0.05,0.15,0.05,0.05,223.118698,2.524091317,0.33372,0.700408016,540.1472162,0.581615113,6.5865
0.4,0.3,0.1,0.1,0.05,0.05,203.7590671,2.681695897,0.3339,0.360603808,503.7497156,0.253021418,6.607
0.4,0.3,0.15,0.05,0.05,0.05,194.0300301,2.769603688,0.33494,0.31792792,467.2734069,0.070564712,6.6275
0.45,0.3,0.05,0.1,0.05,0.05,206.8687951,2.670598635,0.34522,0.669353384,508.0991435,0.278122328,6.306
0.45,0.3,0.1,0.05,0.05,0.05,197.7605878,2.744949214,0.33548,0.359274108,471.6400785,0.059655943,6.3265
0.5,0.3,0.05,0.05,0.05,0.05,192.7252019,2.79411837,0.37682,0.694362184,476.0053314,0.04717397,6.0255
0.05,0.35,0.05,0.05,0.25,0.25,180.8511011,2.786976913,0.3835,0.75341035,370.8668175,1.826445364,6.132
0.05,0.35,0.05,0.15,0.2,0.2,195.9235483,2.632847933,0.34514,0.736814309,458.7921187,1.927610452,6.688
0.05,0.35,0.05,0.25,0.15,0.15,239.8224882,2.374952546,0.18848,0.951459112,547.7696722,1.991357936,7.244
0.05,0.35,0.05,0.35,0.1,0.1,267.849429,2.282343639,0.16434,0.167465101,637.8980748,2.03432899,7.8
0.05,0.35,0.05,0.45,0.05,0.05,309.0347618,2.204624592,0.08858,1.777881,729.234277,2.063987654,8.356
0.05,0.35,0.1,0.1,0.2,0.2,200.1589939,2.58354469,0.37854,0.894305374,423.7235228,1.574133864,6.7085
0.05,0.35,0.1,0.2,0.15,0.15,232.5051692,2.400607157,0.2505,1.203216441,512.4962087,1.682752827,7.2645
0.05,0.35,0.1,0.3,0.1,0.1,250.1230619,2.3353214,0.16482,0.221225726,602.2518268,1.760767306,7.8205
0.05,0.35,0.1,0.4,0.05,0.05,292.8390625,2.203457591,0.1086,1.581428128,693.0945359,1.818696027,8.3765
0.05,0.35,0.15,0.05,0.2,0.2,193.7337545,2.637633352,0.36038,0.743550046,388.3339668,1.223657299,6.729
0.05,0.35,0.15,0.15,0.15,0.15,227.0657911,2.409225579,0.33274,0.904497966,477.0071904,1.376399217,7.285
0.05,0.35,0.15,0.25,0.1,0.1,243.7818093,2.357811597,0.176,0.191097737,566.4748019,1.488917707,7.841
0.05,0.35,0.15,0.35,0.05,0.05,283.9080291,2.207730527,0.1224,1.163678784,656.8945715,1.57467271,8.397
0.05,0.35,0.2,0.1,0.15,0.15,221.0913684,2.44607275,0.35944,0.607894764,441.3044645,1.072987848,7.3055
0.05,0.35,0.2,0.2,0.1,0.1,237.4348288,2.372458926,0.24882,0.207060738,530.568204,1.219188361,7.8615
0.05,0.35,0.2,0.3,0.05,0.05,282.5664439,2.205958564,0.1512,0.96966041,620.6348903,1.332218145,8.4175
0.05,0.35,0.25,0.05,0.15,0.15,207.6513101,2.54708881,0.35952,0.608748895,405.390214,0.774787615,7.326
0.05,0.35,0.25,0.15,0.1,0.1,241.3347205,2.35751188,0.28758,0.238976663,494.5333275,0.952348107,7.882
0.05,0.35,0.25,0.25,0.05,0.05,280.2662845,2.207435142,0.14704,0.84623782,584.3160559,1.091701185,8.438
0.05,0.35,0.3,0.1,0.1,0.1,225.546924,2.44833494,0.31016,0.263115612,458.3716728,0.690275813,7.9025
0.05,0.35,0.3,0.2,0.05,0.05,263.4662931,2.268591187,0.16616,0.76285358,547.9386984,0.854396367,8.4585
0.05,0.35,0.35,0.05,0.1,0.1,208.2457561,2.548128208,0.31436,0.278664811,422.0850812,0.432657023,7.923
0.05,0.35,0.35,0.15,0.05,0.05,242.4230857,2.363121819,0.19762,0.65800183,511.5035181,0.62044123,8.479
0.05,0.35,0.4,0.1,0.05,0.05,244.8034217,2.359674464,0.2785,0.631915868,475.011314,0.390355721,8.4995
0.05,0.35,0.45,0.05,0.05,0.05,222.3111242,2.50345269,0.29748,0.60311804,438.4630648,0.165955495,8.52
0.1,0.35,0.05,0.1,0.2,0.2,187.8548742,2.680028385,0.36452,0.341330377,427.8822628,1.630247737,6.4075
0.1,0.35,0.05,0.2,0.15,0.15,235.1415764,2.393775235,0.26918,0.697466113,516.5858254,1.766251579,6.9635
0.1,0.35,0.05,0.3,0.1,0.1,255.6620485,2.326745786,0.17362,0.169313214,606.355507,1.857198471,7.5195
0.1,0.35,0.05,0.4,0.05,0.05,304.6985804,2.186628465,0.12258,1.6359606,697.2949365,1.920609668,8.0755
0.1,0.35,0.1,0.05,0.2,0.2,187.3512517,2.675094618,0.3644,0.583024299,392.5919539,1.250170718,6.428
0.1,0.35,0.1,0.15,0.15,0.15,229.2644219,2.403296149,0.28356,0.953424482,481.1874057,1.437794889,6.984
0.1,0.35,0.1,0.25,0.1,0.1,240.126355,2.370563073,0.18848,0.224382812,570.6441039,1.568184357,7.54
0.1,0.35,0.1,0.35,0.05,0.05,292.583626,2.187763519,0.12994,1.339033884,661.1290472,1.662829846,8.096
0.1,0.35,0.15,0.1,0.15,0.15,218.2632649,2.465075988,0.36114,0.588139231,445.5599073,1.112241029,7.0045
0.1,0.35,0.15,0.2,0.1,0.1,241.5814981,2.360680809,0.23612,0.191765266,534.7947619,1.281315799,7.5605
0.1,0.35,0.15,0.3,0.05,0.05,285.6495786,2.194140708,0.16014,1.05308031,624.8999111,1.406667142,8.1165
0.1,0.35,0.2,0.05,0.15,0.15,200.6208251,2.568609853,0.3594,0.543388586,409.7057869,0.790895614,7.025
0.1,0.35,0.2,0.15,0.1,0.1,228.4351067,2.427218118,0.26358,0.182077229,498.8089533,0.997126279,7.581
0.1,0.35,0.2,0.25,0.05,0.05,284.8648819,2.197129442,0.17516,0.928882338,588.608161,1.152480846,8.137
0.1,0.35,0.25,0.1,0.1,0.1,225.6251133,2.446656606,0.31142,0.193703735,462.6883933,0.717156188,7.6015
0.1,0.35,0.25,0.2,0.05,0.05,271.0542,2.240585474,0.16892,0.771238328,552.2545268,0.900695672,8.1575
0.1,0.35,0.3,0.05,0.1,0.1,210.7323042,2.539996904,0.31016,0.200019493,426.4351262,0.441994259,7.622
0.1,0.35,0.3,0.15,0.05,0.05,248.3045584,2.329344194,0.18064,0.755828352,515.8398253,0.653216034,8.178
0.1,0.35,0.35,0.1,0.05,0.05,235.5399625,2.422663354,0.29848,0.645563192,479.3649713,0.409131005,8.1985
0.1,0.35,0.4,0.05,0.05,0.05,222.8568622,2.513659316,0.29828,0.59626058,442.8310346,0.16987851,8.219
0.15,0.35,0.05,0.05,0.2,0.2,186.7925634,2.678592152,0.36164,0.316511848,396.8449285,1.277789997,6.127
0.15,0.35,0.05,0.15,0.15,0.15,229.9377887,2.425362809,0.31356,0.738538488,485.3606263,1.50007229,6.683
0.15,0.35,0.05,0.25,0.1,0.1,240.073492,2.388821764,0.26684,0.183877934,574.8072246,1.648299891,7.239
0.15,0.35,0.05,0.35,0.05,0.05,296.2596343,2.192940973,0.1433,1.4022298,665.359759,1.75191383,7.795
0.15,0.35,0.1,0.1,0.15,0.15,200.0154317,2.589968076,0.398,0.732834873,449.8102931,1.152480652,6.7035
0.15,0.35,0.1,0.2,0.1,0.1,234.9015975,2.399619012,0.28334,0.2210506,539.0163488,1.344289603,7.2595
0.15,0.35,0.1,0.3,0.05,0.05,292.5628493,2.180464029,0.16852,1.190300682,629.1617954,1.481967153,7.8155
0.15,0.35,0.15,0.05,0.15,0.15,192.2998043,2.622290566,0.39942,0.596769347,414.0181744,0.808624165,6.724
0.15,0.35,0.15,0.15,0.1,0.1,224.9523884,2.460117037,0.29458,0.192667691,503.0807493,1.042959714,7.28
0.15,0.35,0.15,0.25,0.05,0.05,283.8149925,2.200704063,0.19808,0.98992981,592.8977118,1.21404876,7.836
0.15,0.35,0.2,0.1,0.1,0.1,212.3501661,2.530736407,0.34928,0.191178073,467.0023121,0.744959297,7.3005
0.15,0.35,0.2,0.2,0.05,0.05,270.5198675,2.261105789,0.20378,0.841869878,556.5683162,0.948564084,7.8565
0.15,0.35,0.25,0.05,0.1,0.1,205.342553,2.566827283,0.31178,0.19731575,430.7832892,0.452341247,7.321
0.15,0.35,0.25,0.15,0.05,0.05,247.4923603,2.358068533,0.17824,0.758474332,520.1745362,0.686326055,7.877
0.15,0.35,0.3,0.1,0.05,0.05,248.2250441,2.346648969,0.24886,0.752316436,483.7174053,0.428686183,7.8975
0.15,0.35,0.35,0.05,0.05,0.05,214.3583595,2.544634997,0.30118,0.625287756,447.1980967,0.175111395,7.918
0.2,0.35,0.05,0.1,0.15,0.15,214.0400549,2.514491454,0.37712,0.657315095,454.0554111,1.19374029,6.4025
0.2,0.35,0.05,0.2,0.1,0.1,228.6906191,2.438742223,0.31482,0.202951557,543.2327646,1.408179624,6.9585
0.2,0.35,0.05,0.3,0.05,0.05,268.6364579,2.27222805,0.25386,1.299014328,633.4203745,1.558244013,7.5145
0.2,0.35,0.1,0.05,0.15,0.15,197.716724,2.601768029,0.41086,0.654647256,418.3272572,0.827858787,6.423
0.2,0.35,0.1,0.15,0.1,0.1,221.3270434,2.481050675,0.3262,0.192359522,507.348574,1.089704051,6.979
0.2,0.35,0.1,0.25,0.05,0.05,273.6178083,2.239444004,0.24366,1.112611682,597.1845813,1.276502395,7.535
0.2,0.35,0.15,0.1,0.1,0.1,219.7531986,2.495000745,0.36268,0.206691636,471.3133602,0.774548834,6.9995
0.2,0.35,0.15,0.2,0.05,0.05,258.1357694,2.310679367,0.23978,0.91606496,560.8799841,0.997260542,7.5555
0.2,0.35,0.2,0.05,0.1,0.1,210.6114931,2.535534709,0.36396,0.196270335,435.1295692,0.46346687,7.02
0.2,0.35,0.2,0.15,0.05,0.05,229.2655388,2.450237772,0.33874,0.809760982,524.5076113,0.720957845,7.576
0.2,0.35,0.25,0.1,0.05,0.05,245.9789373,2.365846908,0.37068,0.780260816,488.0686182,0.448774387,7.5965
0.2,0.35,0.3,0.05,0.05,0.05,242.969536,2.393224237,0.33376,0.754164236,451.5642917,0.181383962,7.617
0.25,0.35,0.05,0.05,0.15,0.15,206.9939462,2.55977194,0.41018,0.649411468,422.6327091,0.848332771,6.122
0.25,0.35,0.05,0.15,0.1,0.1,215.6130237,2.519181843,0.33282,0.221037894,511.6121487,1.137478031,6.678
0.25,0.35,0.05,0.25,0.05,0.05,261.3644101,2.292425089,0.30436,1.109746028,601.4685636,1.340006227,7.234
0.25,0.35,0.1,0.1,0.1,0.1,214.6561408,2.526642504,0.37062,0.201696156,475.6213802,0.805149128,6.6985
0.25,0.35,0.1,0.2,0.05,0.05,255.233999,2.318312386,0.30446,0.858913692,565.1893947,1.046894499,7.2545
0.25,0.35,0.15,0.05,0.1,0.1,212.6971081,2.5354659,0.37428,0.210410924,439.473899,0.476881663,6.719
0.25,0.35,0.15,0.15,0.05,0.05,231.5149634,2.436815244,0.37962,0.714650234,528.8389699,0.756808273,7.275
0.25,0.35,0.2,0.1,0.05,0.05,223.3761334,2.476284312,0.3893,0.671568456,492.4185752,0.470213578,7.2955
0.25,0.35,0.25,0.05,0.05,0.05,245.1269296,2.370438089,0.38706,0.661111926,455.9296256,0.18843317,7.316
0.3,0.35,0.05,0.1,0.1,0.1,213.8118097,2.542740839,0.39294,0.217547055,479.9260302,0.83693,6.3975
0.3,0.35,0.05,0.2,0.05,0.05,254.6691879,2.324143791,0.3258,0.947902228,569.4963128,1.097668787,6.9535
0.3,0.35,0.1,0.05,0.1,0.1,210.5404621,2.555153957,0.3939,0.203560721,443.8161149,0.491442008,6.418
0.3,0.35,0.1,0.15,0.05,0.05,236.8775611,2.406676389,0.3298,0.72929034,533.1684733,0.793663915,6.974
0.3,0.35,0.15,0.1,0.05,0.05,211.9124788,2.583888311,0.38686,0.649939152,496.7672008,0.493256798,6.9945
0.3,0.35,0.2,0.05,0.05,0.05,207.7077649,2.618427577,0.3924,0.624365628,460.2940692,0.196940847,7.015
0.35,0.35,0.05,0.05,0.1,0.1,206.8718215,2.592418266,0.41338,0.214063634,448.1558413,0.507363242,6.117
0.35,0.35,0.05,0.15,0.05,0.05,232.2172945,2.449639846,0.32234,0.865906328,537.4958694,0.83176096,6.673
0.35,0.35,0.1,0.1,0.05,0.05,218.2882894,2.548552651,0.37092,0.595754296,501.1143591,0.517388683,6.6935
0.35,0.35,0.15,0.05,0.05,0.05,201.7375764,2.676807318,0.39072,0.584859452,464.6575536,0.207226161,6.714
0.4,0.35,0.05,0.1,0.05,0.05,234.0085619,2.462363088,0.34834,0.777565056,505.459796,0.542869883,6.3925
0.4,0.35,0.1,0.05,0.05,0.05,198.6331763,2.722480801,0.32866,0.525670568,469.019952,0.218700057,6.413
0.45,0.35,0.05,0.05,0.05,0.05,202.5105767,2.697998142,0.34618,0.766941456,473.3810224,0.231636113,6.112
0.05,0.4,0.05,0.1,0.2,0.2,193.5464281,2.659433241,0.29026,0.736468806,424.7768748,1.948144863,6.494
0.05,0.4,0.05,0.2,0.15,0.15,236.6682289,2.390265974,0.26916,1.043400975,513.5709653,2.011535392,7.05
0.05,0.4,0.05,0.3,0.1,0.1,256.8114959,2.321923661,0.17686,0.158197757,603.5089104,2.053358516,7.606
0.05,0.4,0.05,0.4,0.05,0.05,304.1689684,2.199828665,0.09308,1.766147571,694.6515385,2.081664608,8.162
0.05,0.4,0.1,0.05,0.2,0.2,184.4722904,2.728188198,0.36098,0.942222934,389.5489766,1.604897552,6.5145
0.05,0.4,0.1,0.15,0.15,0.15,232.0669306,2.388073101,0.2799,1.266533229,478.1887256,1.710453929,7.0705
0.05,0.4,0.1,0.25,0.1,0.1,240.0910482,2.37111465,0.1911,0.217065469,567.7960038,1.785621745,7.6265
0.05,0.4,0.1,0.35,0.05,0.05,299.1062225,2.167338061,0.12298,1.756864,658.4808127,1.841104487,8.1825
0.05,0.4,0.15,0.1,0.15,0.15,230.7281369,2.391719681,0.36548,1.004972442,442.5978636,1.41124359,7.091
0.05,0.4,0.15,0.2,0.1,0.1,240.4376529,2.365058375,0.2187,0.198578331,531.9561394,1.519338678,7.647
0.05,0.4,0.15,0.3,0.05,0.05,293.6612913,2.171218157,0.12914,1.526958828,622.2515286,1.601588401,8.203
0.05,0.4,0.2,0.05,0.15,0.15,230.6588466,2.391304792,0.36494,0.753894671,406.7999876,1.115055941,7.1115
0.05,0.4,0.2,0.15,0.1,0.1,247.7240058,2.329274524,0.31544,0.193326123,495.9903857,1.254913128,7.6675
0.05,0.4,0.2,0.25,0.05,0.05,286.4966148,2.186333919,0.17564,1.376898156,585.9641163,1.363427621,8.2235
0.05,0.4,0.25,0.1,0.1,0.1,229.6326488,2.415155612,0.31606,0.241869242,459.8999117,0.993851533,7.688
0.05,0.4,0.25,0.2,0.05,0.05,285.846753,2.181935147,0.15764,1.147208796,549.6190681,1.127011077,8.244
0.05,0.4,0.3,0.05,0.1,0.1,219.5988813,2.491386422,0.30986,0.259232781,423.6861702,0.735724651,7.7085
0.05,0.4,0.3,0.15,0.05,0.05,271.7296949,2.233534537,0.15336,1.122993856,513.2169685,0.894242526,8.2645
0.05,0.4,0.35,0.1,0.05,0.05,260.5635385,2.272493468,0.26072,1.10192422,476.7585121,0.663581023,8.285
0.05,0.4,0.4,0.05,0.05,0.05,243.4198111,2.367268769,0.29748,1.007168164,440.2445453,0.436682479,8.3055
0.1,0.4,0.05,0.05,0.2,0.2,186.3272926,2.702430961,0.35666,0.355778615,393.7839679,1.63232374,6.2135
0.1,0.4,0.05,0.15,0.15,0.15,231.925905,2.411532847,0.27892,0.775184579,482.351611,1.772752508,6.7695
0.1,0.4,0.05,0.25,0.1,0.1,242.1144866,2.366401316,0.23094,0.164419827,571.9534737,1.86573544,7.3255
0.1,0.4,0.05,0.35,0.05,0.05,291.4482913,2.196095579,0.12948,1.675857412,662.7090897,1.930026002,7.8815
0.1,0.4,0.1,0.1,0.15,0.15,221.4868854,2.450152876,0.28786,0.929836958,446.8360811,1.451738385,6.79
0.1,0.4,0.1,0.2,0.1,0.1,242.014232,2.358099625,0.24366,0.196005774,536.1710722,1.582498298,7.346
0.1,0.4,0.1,0.3,0.05,0.05,293.5238847,2.178432805,0.16078,1.6273038,626.5104756,1.676932394,7.902
0.1,0.4,0.15,0.05,0.15,0.15,212.9853104,2.493596399,0.36586,0.751568199,411.0985169,1.133214605,6.8105
0.1,0.4,0.15,0.15,0.1,0.1,242.4871243,2.356452146,0.2897,0.185610141,500.2546263,1.301129558,7.3665
0.1,0.4,0.15,0.25,0.05,0.05,292.5125977,2.176195543,0.19758,1.412277328,590.2503079,1.425224654,7.9225
0.1,0.4,0.2,0.1,0.1,0.1,237.7767965,2.379321063,0.3064,0.184081513,464.2054599,1.02217731,7.387
0.1,0.4,0.2,0.2,0.05,0.05,283.9772262,2.196646951,0.20096,1.213418656,553.9291384,1.1752831,7.943
0.1,0.4,0.25,0.05,0.1,0.1,215.1556982,2.506548956,0.31608,0.19389122,428.0251889,0.747571829,7.4075
0.1,0.4,0.25,0.15,0.05,0.05,271.9941348,2.238548504,0.17872,1.113204726,517.547633,0.92822167,7.9635
0.1,0.4,0.3,0.1,0.05,0.05,258.4358188,2.290288946,0.18878,1.102544784,481.106581,0.68437004,7.984
0.1,0.4,0.35,0.05,0.05,0.05,249.6129012,2.331792872,0.309,0.981531176,444.6069192,0.443525049,8.0045
0.15,0.4,0.05,0.1,0.15,0.15,216.6456659,2.50540367,0.31114,0.66382926,451.0694776,1.49303265,6.489
0.15,0.4,0.05,0.2,0.1,0.1,232.3145085,2.412047883,0.28486,0.204200324,540.3811437,1.646417149,7.045
0.15,0.4,0.05,0.3,0.05,0.05,284.9399599,2.210840734,0.1898,1.5656895,630.7663173,1.753104676,7.601
0.15,0.4,0.1,0.05,0.15,0.15,203.1010715,2.56497761,0.3783,0.819639593,415.3940539,1.152789586,6.5095
0.15,0.4,0.1,0.15,0.1,0.1,237.9066747,2.379664528,0.29452,0.209666612,504.5151108,1.348128585,7.0655
0.15,0.4,0.1,0.25,0.05,0.05,287.7883518,2.192709476,0.18534,1.495636,594.5339566,1.48779599,7.6215
0.15,0.4,0.15,0.1,0.1,0.1,236.5726054,2.389862854,0.32744,0.20441301,468.508325,1.052233331,7.086
0.15,0.4,0.15,0.2,0.05,0.05,280.5488033,2.210414879,0.2006,1.253577828,558.2371987,1.224281987,7.642
0.15,0.4,0.2,0.05,0.1,0.1,215.3263085,2.501331128,0.32008,0.193460151,432.3625264,0.759712015,7.1065
0.15,0.4,0.2,0.15,0.05,0.05,255.6289936,2.311828816,0.22242,1.168430086,521.87677,0.96299848,7.6625
0.15,0.4,0.25,0.1,0.05,0.05,255.46162,2.310652357,0.24844,1.107953454,485.4535479,0.705511064,7.683
0.15,0.4,0.3,0.05,0.05,0.05,255.9259322,2.315559927,0.30082,1.011313784,448.9685639,0.451210823,7.7035
0.2,0.4,0.05,0.05,0.15,0.15,208.1755772,2.543819897,0.39834,0.683534148,419.6864012,1.173339466,6.2085
0.2,0.4,0.05,0.15,0.1,0.1,225.1080335,2.45388085,0.325,0.208226821,508.7716632,1.395975008,6.7645
0.2,0.4,0.05,0.25,0.05,0.05,274.9517692,2.236443007,0.24848,1.498706,598.8149151,1.551259368,7.3205
0.2,0.4,0.1,0.1,0.1,0.1,223.7807452,2.460431989,0.34414,0.20408993,472.8083645,1.083160316,6.785
0.2,0.4,0.1,0.2,0.05,0.05,261.9325789,2.282552468,0.2509,1.333262161,562.543131,1.274105962,7.341
0.2,0.4,0.15,0.05,0.1,0.1,218.6637963,2.48517802,0.35342,0.208313177,436.6980961,0.773381563,6.8055
0.2,0.4,0.15,0.15,0.05,0.05,246.6521824,2.34321933,0.32638,1.204364128,526.204298,0.999222046,7.3615
0.2,0.4,0.2,0.1,0.05,0.05,244.3680543,2.361538265,0.38856,1.138602954,489.7993685,0.727084577,7.382
0.2,0.4,0.25,0.05,0.05,0.05,251.5239855,2.332459744,0.39494,1.036878254,453.3294702,0.45947156,7.4025
0.25,0.4,0.05,0.1,0.1,0.1,219.3095777,2.495530591,0.34204,0.218455163,477.1053293,1.115073011,6.484
0.25,0.4,0.05,0.2,0.05,0.05,251.6894393,2.330824661,0.25954,1.1708661,566.8467534,1.324910811,7.04
0.25,0.4,0.1,0.05,0.1,0.1,217.0298592,2.511363773,0.36336,0.216371229,441.031736,0.788343289,6.5045
0.25,0.4,0.1,0.15,0.05,0.05,240.3025374,2.386791993,0.30524,1.040207061,530.5300888,1.036338363,7.0605
0.25,0.4,0.15,0.1,0.05,0.05,233.0271824,2.420859888,0.38694,0.900176398,494.1439613,0.750570418,7.081
0.25,0.4,0.2,0.05,0.05,0.05,224.6539407,2.469839881,0.39204,0.833907064,457.6895962,0.468114903,7.1015
0.3,0.4,0.05,0.05,0.1,0.1,220.3519459,2.499847402,0.36112,0.212013144,445.3631374,0.804469579,6.2035
0.3,0.4,0.05,0.15,0.05,0.05,244.3085432,2.370590425,0.30468,1.0335113,534.8539328,1.074542415,6.7595
0.3,0.4,0.1,0.1,0.05,0.05,232.1679384,2.430392354,0.38122,0.9028225,498.4871936,0.775031874,6.78
0.3,0.4,0.15,0.05,0.05,0.05,226.9651783,2.465119689,0.38688,0.799995028,462.0488629,0.478912917,6.8005
0.35,0.4,0.05,0.1,0.05,0.05,238.1536995,2.404867508,0.33134,0.931361161,502.8288393,0.800699424,6.479
0.35,0.4,0.1,0.05,0.05,0.05,227.5506604,2.482543042,0.3951,0.7550205,466.4071396,0.490783966,6.4995
0.4,0.4,0.05,0.05,0.05,0.05,225.3792606,2.522089005,0.35886,0.844083661,470.764198,0.50398617,6.1985
0.05,0.45,0.05,0.05,0.2,0.2,184.3990673,2.731429169,0.29304,0.838813061,390.7836329,1.966393844,6.3
0.05,0.45,0.05,0.15,0.15,0.15,233.4983568,2.408894686,0.27398,1.275530508,479.3882341,2.030474986,6.856
0.05,0.45,0.05,0.25,0.1,0.1,252.9733174,2.332914194,0.2299,0.157107369,569.1297828,2.071609685,7.412
0.05,0.45,0.05,0.35,0.05,0.05,295.7132279,2.203702768,0.12066,1.751309143,660.0735519,2.098787782,7.968
0.05,0.45,0.1,0.1,0.15,0.15,229.068061,2.404062133,0.29456,1.394812747,443.9010309,1.737109117,6.8765
0.05,0.45,0.1,0.2,0.1,0.1,242.6005407,2.357086678,0.252,0.226962938,533.352179,1.809822712,7.4325
0.05,0.45,0.1,0.3,0.05,0.05,296.6447609,2.190440395,0.12812,1.778847,623.8726127,1.863050995,7.9885
0.05,0.45,0.15,0.05,0.15,0.15,231.295504,2.39421378,0.36326,1.24308104,408.2120913,1.445184728,6.897
0.05,0.45,0.15,0.15,0.1,0.1,245.6807094,2.340131734,0.27526,0.179805573,497.4514147,1.549203969,7.453
0.05,0.45,0.15,0.25,0.05,0.05,291.0010851,2.179528355,0.16486,1.5589366,587.6147692,1.628113532,8.009
0.05,0.45,0.2,0.1,0.1,0.1,245.2526367,2.334479477,0.3165,0.209080454,461.4284076,1.290147127,7.4735
0.05,0.45,0.2,0.2,0.05,0.05,285.7438878,2.186424163,0.19716,1.32428403,551.3003701,1.3942967,8.0295
0.05,0.45,0.25,0.05,0.1,0.1,245.0212419,2.33396386,0.32828,0.242508353,425.2841884,1.034296904,7.494
0.05,0.45,0.25,0.15,0.05,0.05,284.4170136,2.185168721,0.2196,1.2201029,514.9298326,1.162841586,8.05
0.05,0.45,0.3,0.1,0.05,0.05,280.0517841,2.198551929,0.22376,1.2288975,478.5036929,0.933383519,8.0705
0.05,0.45,0.35,0.05,0.05,0.05,257.121415,2.298093207,0.28282,1.108827336,442.0226392,0.705763442,8.091
0.1,0.45,0.05,0.1,0.15,0.15,221.1517791,2.457196499,0.2796,0.885878465,448.1238538,1.778140708,6.5755
0.1,0.45,0.05,0.2,0.1,0.1,242.6249049,2.359668646,0.2505,0.176976702,537.5565545,1.873567254,7.1315
0.1,0.45,0.05,0.3,0.05,0.05,296.8652213,2.20056335,0.14638,1.672623341,628.1260061,1.938939889,7.6875
0.1,0.45,0.1,0.05,0.15,0.15,216.173459,2.483306726,0.36606,1.028952143,412.4951545,1.464737621,6.596
0.1,0.45,0.1,0.15,0.1,0.1,242.6609003,2.355651172,0.27378,0.200672847,501.7051869,1.596217479,7.152
0.1,0.45,0.1,0.25,0.05,0.05,291.2361656,2.183122323,0.16894,1.6250328,591.8954699,1.690612576,7.708
0.1,0.45,0.15,0.1,0.1,0.1,242.9771295,2.353742017,0.33736,0.217050978,465.7236272,1.320430146,7.1725
0.1,0.45,0.15,0.2,0.05,0.05,287.429042,2.189844528,0.20304,1.3558651,555.6050546,1.443419571,7.7285
0.1,0.45,0.2,0.05,0.1,0.1,240.7563167,2.361748279,0.3202,0.196359449,429.6130429,1.047316419,7.193
0.1,0.45,0.2,0.15,0.05,0.05,275.4818129,2.224179219,0.21942,1.28612126,519.255229,1.197761925,7.749
0.1,0.45,0.25,0.1,0.05,0.05,273.1080467,2.235770176,0.25606,1.211323128,482.8465937,0.955374639,7.7695
0.1,0.45,0.3,0.05,0.05,0.05,267.4143229,2.25041215,0.26382,1.110431728,446.3799106,0.714702247,7.79
0.15,0.45,0.05,0.05,0.15,0.15,209.9354126,2.525075899,0.38412,0.85251185,416.7754741,1.485015525,6.295
0.15,0.45,0.05,0.15,0.1,0.1,233.6165914,2.405894285,0.29864,0.200010429,505.9553389,1.643906973,6.851
0.15,0.45,0.05,0.25,0.05,0.05,290.4615878,2.21897767,0.23654,1.552444457,596.1736802,1.753845692,7.407
0.15,0.45,0.1,0.1,0.1,0.1,243.052696,2.357099099,0.3261,0.232642559,470.0162473,1.351435419,6.8715
0.15,0.45,0.1,0.2,0.05,0.05,269.3768126,2.24998098,0.22226,1.392288561,559.9077548,1.493243236,7.4275
0.15,0.45,0.15,0.05,0.1,0.1,223.1247079,2.449959389,0.38192,0.217030516,433.940316,1.061040068,6.892
0.15,0.45,0.15,0.15,0.05,0.05,252.5088209,2.308544528,0.25014,1.2694179,523.5791304,1.234181997,7.448
0.15,0.45,0.2,0.1,0.05,0.05,260.0347977,2.280959129,0.3466,1.248291628,487.1884529,0.977132091,7.4685
0.15,0.45,0.25,0.05,0.05,0.05,261.207645,2.28084824,0.36168,1.114959628,450.7365519,0.724008298,7.489
0.2,0.45,0.05,0.1,0.1,0.1,233.1284994,2.420037183,0.34732,0.22590703,474.3061109,1.383224911,6.5705
0.2,0.45,0.05,0.2,0.05,0.05,252.6683781,2.326338165,0.26062,1.406013205,564.2083414,1.543878642,7.1265
0.2,0.45,0.1,0.05,0.1,0.1,221.880666,2.456941137,0.3642,0.233078359,438.2658662,1.076150691,6.591
0.2,0.45,0.1,0.15,0.05,0.05,251.763724,2.319708498,0.32084,1.297452161,527.9014273,1.27136988,7.147
0.2,0.45,0.15,0.1,0.05,0.05,245.821966,2.343501596,0.35536,1.2273375,491.5291912,1.000881319,7.1675
0.2,0.45,0.2,0.05,0.05,0.05,245.6795544,2.349293085,0.38262,1.145974628,455.0925155,0.73332422,7.188
0.25,0.45,0.05,0.05,0.1,0.1,237.4668719,2.403793646,0.35388,0.230531109,442.5894698,1.092208282,6.29
0.25,0.45,0.05,0.15,0.05,0.05,245.8015869,2.360565931,0.28638,1.140421261,532.2219588,1.30947406,6.846
0.25,0.45,0.1,0.1,0.05,0.05,239.7837668,2.386793637,0.35506,1.027239072,495.8686883,1.025485722,6.8665
0.25,0.45,0.15,0.05,0.05,0.05,236.2882383,2.400387162,0.38492,0.87007977,459.4477198,0.744063197,6.887
0.3,0.45,0.05,0.1,0.05,0.05,245.0129583,2.368116509,0.34384,1.016425203,500.2067572,1.051130385,6.5655
0.3,0.45,0.1,0.05,0.05,0.05,240.136159,2.389339669,0.38102,0.8716846,463.802039,0.75614781,6.586
0.35,0.45,0.05,0.05,0.05,0.05,248.1578987,2.352977285,0.38174,0.898620403,468.1552712,0.769408855,6.285
0.05,0.5,0.05,0.1,0.15,0.15,222.8962608,2.449653623,0.2751,1.314378625,445.2209943,2.04780317,6.662
0.05,0.5,0.05,0.2,0.1,0.1,259.0715106,2.32068909,0.28966,0.174896316,534.7605468,2.088878169,7.218
0.05,0.5,0.05,0.3,0.05,0.05,292.7958365,2.231950459,0.13792,1.747421364,625.5002735,2.115226421,7.774
0.05,0.5,0.1,0.05,0.15,0.15,227.1304242,2.422298034,0.35966,1.572440783,409.6325759,1.762398561,6.6825
0.05,0.5,0.1,0.15,0.1,0.1,246.3427386,2.340349144,0.32094,0.254455988,498.9201725,1.833196681,7.2385
0.05,0.5,0.1,0.25,0.05,0.05,296.5369444,2.203142154,0.14728,1.77264253,589.269872,1.884427091,7.7945
0.05,0.5,0.15,0.1,0.1,0.1,247.8190704,2.328610199,0.32244,0.20978363,462.9604199,1.578363894,7.259
0.05,0.5,0.15,0.2,0.05,0.05,290.8276969,2.181678526,0.15982,1.4351467,552.9842126,1.654156836,7.815
0.05,0.5,0.2,0.05,0.1,0.1,248.0998475,2.323139353,0.3233,0.194247093,426.8820307,1.325517957,7.2795
0.05,0.5,0.2,0.15,0.05,0.05,280.6753529,2.204922681,0.24872,1.32894026,516.6435551,1.424746753,7.8355
0.05,0.5,0.25,0.1,0.05,0.05,275.7082597,2.218057364,0.24806,1.2828911,480.2482346,1.198034209,7.856
0.05,0.5,0.3,0.05,0.05,0.05,281.2223586,2.195751577,0.24778,1.1788845,443.7987339,0.971599342,7.8765
0.1,0.5,0.05,0.05,0.15,0.15,213.3853203,2.499234322,0.35128,0.911836333,413.9019841,1.782085203,6.3815
0.1,0.5,0.05,0.15,0.1,0.1,245.5602004,2.348399862,0.32268,0.173995685,503.1645589,1.880512682,6.9375
0.1,0.5,0.05,0.25,0.05,0.05,293.2773201,2.23578058,0.1529,1.648577341,593.5456212,1.947236204,7.4935
0.1,0.5,0.1,0.1,0.1,0.1,242.9680148,2.353024998,0.31408,0.272836924,467.2462305,1.609188677,6.958
0.1,0.5,0.1,0.2,0.05,0.05,281.2217109,2.230423275,0.15702,1.534888353,557.2839488,1.703775128,7.514
0.1,0.5,0.15,0.05,0.1,0.1,231.965214,2.403357692,0.34048,0.208645052,431.2015243,1.339085037,6.9785
0.1,0.5,0.15,0.15,0.05,0.05,263.2250829,2.272578727,0.25864,1.3731937,520.9640561,1.461171388,7.5345
0.1,0.5,0.2,0.1,0.05,0.05,254.9482905,2.294475375,0.27552,1.329291628,484.5863234,1.220114449,7.555
0.1,0.5,0.25,0.05,0.05,0.05,259.4576374,2.283704609,0.27572,1.172852628,448.1512823,0.981761145,7.5755
0.15,0.5,0.05,0.1,0.1,0.1,243.2070727,2.370819969,0.32314,0.218066037,471.5295932,1.640610608,6.657
0.15,0.5,0.05,0.2,0.05,0.05,271.7175951,2.277198388,0.25378,1.450561457,561.5817697,1.754036506,7.213
0.15,0.5,0.1,0.05,0.1,0.1,230.0611944,2.410419791,0.36006,0.277068758,435.519522,1.354076337,6.6775
0.15,0.5,0.1,0.15,0.05,0.05,255.908904,2.298864256,0.34508,1.381839353,525.2830983,1.498225862,7.2335
0.15,0.5,0.15,0.1,0.05,0.05,251.5595661,2.312131319,0.36034,1.2967965,488.9234036,1.243678339,7.254
0.15,0.5,0.2,0.05,0.05,0.05,248.6467244,2.32896312,0.3624,1.201712628,452.5032496,0.991650434,7.2745
0.2,0.5,0.05,0.05,0.1,0.1,240.2823549,2.392117526,0.38368,0.214616329,439.8358839,1.369792405,6.3765
0.2,0.5,0.05,0.15,0.05,0.05,255.2012254,2.321223837,0.31948,1.371818205,529.6005687,1.536015302,6.9325
0.2,0.5,0.1,0.1,0.05,0.05,253.3176292,2.316999466,0.34318,1.324960353,493.2593752,1.268222513,6.953
0.2,0.5,0.15,0.05,0.05,0.05,245.9247532,2.340391256,0.3432,1.188894,456.8545603,1.002177541,6.9735
0.25,0.5,0.05,0.1,0.05,0.05,250.1575464,2.339978814,0.35674,1.115707466,497.5940959,1.293622383,6.652
0.25,0.5,0.1,0.05,0.05,0.05,242.0155533,2.368804359,0.37108,1.019717353,461.2051025,1.014275682,6.6725
0.3,0.5,0.05,0.05,0.05,0.05,249.5435692,2.347485467,0.37608,0.977559666,465.5547104,1.027371216,6.3715
0.05,0.55,0.05,0.05,0.15,0.15,215.8785281,2.488562789,0.3227,1.241890704,411.068466,2.063024534,6.468
0.05,0.55,0.05,0.15,0.1,0.1,261.3138988,2.30562481,0.33144,0.170375591,500.4009617,2.104902097,7.024
0.05,0.55,0.05,0.25,0.05,0.05,287.2742753,2.267285772,0.13146,1.720812851,590.9316259,2.130817232,7.58
0.05,0.55,0.1,0.1,0.1,0.1,246.3483741,2.338911113,0.33092,0.281777992,464.4997031,1.855521929,7.0445
0.05,0.55,0.1,0.2,0.05,0.05,287.5135722,2.225985589,0.17356,1.61590153,554.6724898,1.905097903,7.6005
0.05,0.55,0.15,0.05,0.1,0.1,248.6408037,2.325292437,0.31966,0.202142441,428.4828387,1.606629016,7.065
0.05,0.55,0.15,0.15,0.05,0.05,270.6490118,2.247359279,0.24832,1.4129697,518.3597383,1.679605859,7.621
0.05,0.55,0.2,0.1,0.05,0.05,272.9999776,2.235044418,0.2473,1.3770241,481.9935308,1.455132317,7.6415
0.05,0.55,0.25,0.05,0.05,0.05,267.0743642,2.247881807,0.24816,1.2116921,445.5741108,1.232348862,7.662
0.1,0.55,0.05,0.1,0.1,0.1,245.8693853,2.350596929,0.33232,0.206907001,468.7771989,1.886339386,6.7435
0.1,0.55,0.05,0.2,0.05,0.05,282.5836764,2.261756732,0.15652,1.547563341,558.9678365,1.954771303,7.2995
0.1,0.55,0.1,0.05,0.1,0.1,236.4328182,2.384041627,0.32668,0.264200834,432.7938841,1.621216713,6.764
0.1,0.55,0.1,0.15,0.05,0.05,281.1443542,2.237678094,0.2713,1.501412353,522.6757944,1.716302032,7.32
0.1,0.55,0.15,0.1,0.05,0.05,265.2991195,2.26055354,0.27018,1.3829935,486.3271776,1.47838154,7.3405
0.1,0.55,0.2,0.05,0.05,0.05,260.2291826,2.277796855,0.33384,1.257778628,449.9222692,1.242545201,7.361
0.15,0.55,0.05,0.05,0.1,0.1,241.8241289,2.379008989,0.32976,0.206639687,437.1035931,1.636324747,6.463
0.15,0.55,0.05,0.15,0.05,0.05,273.0687019,2.277474074,0.3778,1.436301457,526.9904738,1.753552107,7.019
0.15,0.55,0.1,0.1,0.05,0.05,263.991759,2.28182532,0.37136,1.387826353,490.6598598,1.502641539,7.0395
0.15,0.55,0.15,0.05,0.05,0.05,249.5677214,2.321853579,0.35726,1.2173045,454.2698776,1.252685389,7.06
0.2,0.55,0.05,0.1,0.05,0.05,255.9585245,2.318423847,0.3833,1.366038994,494.9914798,1.527561896,6.7385
0.2,0.55,0.1,0.05,0.05,0.05,247.6144949,2.345138872,0.3776,1.281915953,458.6168463,1.264576144,6.759
0.25,0.55,0.05,0.05,0.05,0.05,254.1880353,2.327123689,0.39004,1.096430566,462.9630509,1.277264787,6.458
0.05,0.6,0.05,0.1,0.1,0.1,245.5339881,2.354460035,0.31776,0.203750551,466.0506507,2.119343966,6.83
0.05,0.6,0.05,0.2,0.05,0.05,287.0533621,2.267543025,0.23996,1.62320714,556.3674861,2.145355016,7.386
0.05,0.6,0.1,0.05,0.1,0.1,244.7217407,2.353470886,0.29552,0.274707625,430.0903501,1.87651286,6.8505
0.05,0.6,0.1,0.15,0.05,0.05,288.1402968,2.228905818,0.25612,1.62325953,520.0803177,1.924894337,7.4065
0.05,0.6,0.15,0.1,0.05,0.05,288.956296,2.192713641,0.2586,1.5199085,483.7411745,1.704320438,7.427
0.05,0.6,0.2,0.05,0.05,0.05,278.2653681,2.221972567,0.2477,1.3818581,447.3501013,1.485489681,7.4475
0.1,0.6,0.05,0.05,0.1,0.1,244.3635882,2.362979829,0.32808,0.199171816,434.3940497,1.890747491,6.5495
0.1,0.6,0.05,0.15,0.05,0.05,284.8828199,2.246226409,0.2977,1.565422341,524.3925079,1.961364722,7.1055
0.1,0.6,0.1,0.1,0.05,0.05,277.2635365,2.24389613,0.27388,1.550974353,488.0708417,1.728045668,7.126
0.1,0.6,0.15,0.05,0.05,0.05,272.3502302,2.248429808,0.29136,1.3954055,451.6942343,1.494927723,7.1465
0.15,0.6,0.05,0.1,0.05,0.05,265.2162568,2.297871378,0.40468,1.441974606,492.399636,1.752235587,6.825
0.15,0.6,0.1,0.05,0.05,0.05,264.2939625,2.300867782,0.37882,1.375316853,456.0378664,1.506362708,6.8455
0.2,0.6,0.05,0.05,0.05,0.05,256.5724865,2.324671568,0.38542,1.348286094,460.3809152,1.518383795,6.5445
0.05,0.65,0.05,0.05,0.1,0.1,249.2083574,2.364122608,0.30916,0.195635055,431.7090451,2.131766687,6.636
0.05,0.65,0.05,0.15,0.05,0.05,283.813192,2.297096115,0.26414,1.58954314,521.8076704,2.15858039,7.192
0.05,0.65,0.1,0.1,0.05,0.05,291.3328296,2.232364918,0.25804,1.62263553,485.4931433,1.943602784,7.2125
0.05,0.65,0.15,0.05,0.05,0.05,290.6297294,2.197737209,0.25594,1.4387295,449.1282825,1.728124128,7.233
0.1,0.65,0.05,0.1,0.05,0.05,269.4829764,2.299463571,0.35844,1.56209059,489.8194302,1.966788244,6.9115
0.1,0.65,0.1,0.05,0.05,0.05,271.8102347,2.283068761,0.2952,1.500425853,453.4688627,1.73881978,6.932
0.15,0.65,0.05,0.05,0.05,0.05,267.5783677,2.307006946,0.4061,1.404953606,457.8090406,1.749888541,6.631
0.05,0.7,0.05,0.1,0.05,0.05,274.5970511,2.361367054,0.26318,1.587062481,487.2519121,2.170163713,6.998
0.05,0.7,0.1,0.05,0.05,0.05,279.820817,2.316144209,0.25934,1.57208703,450.9106706,1.960951587,7.0185
0.1,0.7,0.05,0.05,0.05,0.05,266.1199158,2.367390199,0.38352,1.52338559,455.2483171,1.970751538,6.7175
0.05,0.75,0.05,0.05,0.05,0.05,266.4979082,2.388900808,0.26786,1.548357481,452.6998337,2.179684084,6.804
